Team_ID,Team,Base_Style,Max_Tier,Low_Tier,Prestige,Color 1,Color 2,Color 3
1,Richard Childress Racing,Oval,5,4,100,CE1126,0,FFFFFF
2,Rick Ware Racing,Oval,5,4,100,0,FFFFFF,D71920
3,Spire Motorsports,Oval,5,4,100,003DA5,00A651,FFFFFF
4,Team Penske,Oval,5,4,100,ED1C24,FFFFFF,002D72
5,Trackhouse Racing,Oval,5,4,100,0057B8,E31B23,101820
6,Wood Brothers Racing,Oval,5,4,100,D71920,FFFFFF,B9975B
7,23XI,Oval,5,4,100,0,00A3E0,6F2DA8
8,Front Row Motorsports,Oval,5,4,100,0057B8,E31B23,FFFFFF
9,Haas,Oval,5,4,100,0,E6002D,FFFFFF
10,Hendrick Motorsports,Oval,5,4,100,003DA5,E31837,FFFFFF
11,Joe Gibbs Racing,Oval,5,4,100,CE1126,0,FFFFFF
12,Kaulig Racing,Oval,5,4,100,00A651,0,FFFFFF
13,Legacy Motor Club,Oval,5,4,100,0,C8A951,00A3E0
14,RFK Racing,Oval,5,4,100,001F5B,D71920,FFFFFF
15,Alpine,Open Wheel,5,4,100,00A1E8,FF87BC,061A4D
16,Aston Martin,Open Wheel,5,4,100,229971,0,FFFFFF
17,Audi,Open Wheel,5,4,100,E00000,0,C0C0C0
18,Cadillac,Open Wheel,5,4,100,D4AF37,0,B31B1B
19,Ferrari,Open Wheel,5,4,100,ED1131,0,FFFFFF
20,Haas F1 Team,Open Wheel,5,4,100,B6BABD,E6002D,0
21,McLaren,Open Wheel,5,4,100,FF8000,0,FFFFFF
22,Mercedes,Open Wheel,5,4,100,C0C0C0,0,00D2BE
23,Racing Bulls,Open Wheel,5,4,100,6C98FF,070B36,FFFFFF
24,Red Bull Racing,Open Wheel,5,4,100,3671C6,DB0A40,FFCC00
25,Williams,Open Wheel,5,4,100,00A3E0,1489,FFFFFF
26,Apex Motorsports,ANY,5,1,50,ED1C24,111111,FFFFFF
27,Blue Line Racing,ANY,5,1,50,0057B8,111111,FFFFFF
28,Ironclad Performance,ANY,5,1,50,6F2DA8,1F2933,FFFFFF
29,Velocity Auto Sport,ANY,5,1,50,0057B8,FF6A00,FFFFFF
30,Summit Racing Team,ANY,5,1,50,0B6623,C0C0C0,FFFFFF
31,Redline Competition,ANY,5,1,50,D71920,111111,FFFFFF
32,Alpine Crest Racing,ANY,5,1,50,ED1C24,111111,FFFFFF
33,Iron Wolf Motorsport,ANY,5,1,50,3A3A3A,C0C0C0,111111
34,Blackline Competition,ANY,5,1,50,50505,111111,FFFFFF
35,Titan Auto Sport,ANY,5,1,50,2F3A4A,D4AF37,FFFFFF
36,Summit Edge Racing,ANY,5,1,50,0B6623,C0C0C0,FFFFFF
37,Falcon GT Motorsport,ANY,5,1,50,003DA5,C0C0C0,FFFFFF
38,Silver Oak Racing,ANY,5,1,50,C0C0C0,111111,0057B8
39,Heritage Motorsport,ANY,5,1,50,002D72,B9975B,FFFFFF
40,Arrowhead Racing Team,ANY,5,1,50,ED1C24,111111,FFFFFF
41,Northstar Formula,ANY,5,1,50,009B77,1F2933,FFFFFF
42,Apex Hill Racing,ANY,5,1,50,ED1C24,111111,FFFFFF
43,Red Crest Motorsport,ANY,5,1,50,D71920,111111,FFFFFF
44,Thunder Peak Racing,ANY,5,1,50,2D2F7F,FFD100,FFFFFF
45,Shadowline Motorsport,ANY,5,1,50,111111,3A3A3A,8A8F98
46,Granite Ridge Racing,ANY,5,1,50,ED1C24,111111,FFFFFF
47,Iron Gate Performance,ANY,5,1,50,FF6A00,1F2933,FFFFFF
48,Velocity Ridge Autosport,ANY,5,1,50,0057B8,FF6A00,FFFFFF
49,Falcon Ridge Racing,ANY,5,1,50,003DA5,C0C0C0,FFFFFF
50,Blue Horizon Motorsport,ANY,5,1,50,0057B8,111111,FFFFFF
51,Crimson Apex Racing,ANY,5,1,50,9E1B32,111111,FFFFFF
52,Steel River Competition,ANY,5,1,50,00AEEF,1F2933,FFFFFF
53,Summit Point Racing,ANY,5,1,50,0B6623,C0C0C0,FFFFFF
54,Nightfall Motorsport,ANY,5,1,50,0057B8,111111,FFFFFF
55,Stormline Racing,ANY,5,1,50,243B53,00AEEF,C0C0C0
56,Black Forest Autosport,ANY,5,1,50,50505,111111,FFFFFF
57,Precision Track Racing,ANY,5,1,50,ED1C24,111111,FFFFFF
58,Victory Lane Motorsport,ANY,5,1,50,0057B8,111111,FFFFFF
59,Firehawk Competition,ANY,5,1,50,009B77,1F2933,FFFFFF
60,Silverstone Dynamics,ANY,5,1,50,C0C0C0,111111,0057B8
61,Wolf Creek Racing,ANY,5,1,50,3A3A3A,C0C0C0,111111
62,Horizon Edge Motorsport,ANY,5,1,50,0057B8,111111,FFFFFF
63,Phantom Speedworks,ANY,5,1,50,FF4FA3,1F2933,FFFFFF
64,Iron Summit Racing,ANY,5,1,50,0B6623,C0C0C0,FFFFFF
65,Coastal Apex Motorsport,ANY,5,1,50,ED1C24,111111,FFFFFF
66,Aurora Motorsport,ANY,5,1,50,0057B8,111111,FFFFFF
67,Glacier Point Racing,ANY,5,1,50,ED1C24,111111,FFFFFF
68,Phoenix Track Team,ANY,5,1,50,FF6A00,D71920,111111
69,Steel Horizon Racing,ANY,5,1,50,ED1C24,111111,FFFFFF
70,Crown Velocity Motorsport,ANY,5,1,50,0057B8,FF6A00,FFFFFF
71,Twin Pines Racing,ANY,5,1,50,ED1C24,111111,FFFFFF
72,Rapid Crest Autosport,ANY,5,1,50,0057B8,C0C0C0,FFFFFF
73,Orion Race Engineering,ANY,5,1,50,78BE20,1F2933,FFFFFF
74,Eclipse Performance,ANY,5,1,50,111111,6D6E71,FFD100
75,Granite Peak Motorsport,ANY,5,1,50,0057B8,111111,FFFFFF
76,Sapphire Racing Team,ANY,5,1,50,0F52BA,111111,FFFFFF
77,White Falcon Motorsport,ANY,5,1,50,FFFFFF,111111,0057B8
78,Iron Harbor Racing,ANY,5,1,50,ED1C24,111111,FFFFFF
79,Atlas Competition,ANY,5,1,50,B87333,1F2933,FFFFFF
80,Canyon Ridge Racing,ANY,5,1,50,ED1C24,111111,FFFFFF
81,Polar Star Motorsport,ANY,5,1,50,0057B8,111111,FFFFFF
82,Diamond Lane Racing,ANY,5,1,50,ED1C24,111111,FFFFFF
83,Storm Peak Autosport,ANY,5,1,50,243B53,00AEEF,C0C0C0
84,Thunder Bay Racing,ANY,5,1,50,2D2F7F,FFD100,FFFFFF
85,Silver Arrow Motorsport,ANY,5,1,50,C0C0C0,111111,0057B8
86,Titan Ridge Racing,ANY,5,1,50,2F3A4A,D4AF37,FFFFFF
87,Midnight Run Motorsport,ANY,5,1,50,0057B8,111111,FFFFFF
88,Coastal Thunder Racing,ANY,5,1,50,2D2F7F,FFD100,FFFFFF
89,Glacier Run Autosport,ANY,5,1,50,0057B8,C0C0C0,FFFFFF
90,Highline Racing,ANY,5,1,50,ED1C24,111111,FFFFFF
91,Victory Crest Motorsport,ANY,5,1,50,0057B8,111111,FFFFFF
92,Northern Apex Racing,ANY,5,1,50,ED1C24,111111,FFFFFF
93,Crimson Trail Motorsport,ANY,5,1,50,9E1B32,111111,FFFFFF
94,Eagle Point Racing,ANY,5,1,50,002D72,D71920,FFFFFF
95,Iron Crest Competition,ANY,5,1,50,9B111E,1F2933,FFFFFF
96,Blue Ridge Performance,ANY,5,1,50,0057B8,111111,FFFFFF
97,Skyline Motorsport,ANY,5,1,50,0057B8,111111,FFFFFF
98,Red Harbor Racing,ANY,5,1,50,D71920,111111,FFFFFF
99,Gold Leaf Racing,ANY,5,1,50,D4AF37,111111,FFFFFF
100,Stormwatch Motorsport,ANY,5,1,50,243B53,00AEEF,C0C0C0
101,Firestorm Racing,ANY,5,1,50,243B53,00AEEF,C0C0C0
102,Granite Bay Motorsport,ANY,5,1,50,0057B8,111111,FFFFFF
103,Black Diamond Racing,ANY,5,1,50,50505,111111,FFFFFF
104,Silver Wolf Motorsport,ANY,5,1,50,C0C0C0,111111,0057B8
105,White Ridge Racing,ANY,5,1,50,FFFFFF,111111,0057B8
106,Titan Forge Racing,ANY,5,1,50,2F3A4A,D4AF37,FFFFFF
107,Rapid Thunder Motorsport,ANY,5,1,50,2D2F7F,FFD100,FFFFFF
108,Summit Valley Racing,ANY,5,1,50,0B6623,C0C0C0,FFFFFF
109,Driftline Motorsport,ANY,5,1,50,0057B8,111111,FFFFFF
110,Iron Valley Racing,ANY,5,1,50,ED1C24,111111,FFFFFF
111,Falcon Storm Racing,ANY,5,1,50,243B53,00AEEF,C0C0C0
112,Shadow Peak Motorsport,ANY,5,1,50,111111,3A3A3A,8A8F98
113,Wildfire Racing,ANY,5,1,50,ED1C24,111111,FFFFFF
114,Silver Pine Autosport,ANY,5,1,50,C0C0C0,111111,0057B8
115,Blue Flame Racing,ANY,5,1,50,0057B8,111111,FFFFFF
116,Crimson Bay Motorsport,ANY,5,1,50,9E1B32,111111,FFFFFF
117,Northwind Racing,ANY,5,1,50,ED1C24,111111,FFFFFF
118,Steel Falcon Motorsport,ANY,5,1,50,003DA5,C0C0C0,FFFFFF
119,Horizon Run Racing,ANY,5,1,50,ED1C24,111111,FFFFFF
120,Gold Crest Motorsport,ANY,5,1,50,D4AF37,111111,FFFFFF
121,Apex Valley Racing,ANY,5,1,50,ED1C24,111111,FFFFFF
122,Thunder Ridge Autosport,ANY,5,1,50,2D2F7F,FFD100,FFFFFF
123,Blackhawk Racing,ANY,5,1,50,50505,111111,FFFFFF
124,Phoenix Crest Motorsport,ANY,5,1,50,FF6A00,D71920,111111
125,Granite Storm Racing,ANY,5,1,50,243B53,00AEEF,C0C0C0
126,Glacier Hawk Motorsport,ANY,5,1,50,0057B8,111111,FFFFFF
127,Ironwood Racing,ANY,5,1,50,ED1C24,111111,FFFFFF
128,Victory Run Motorsport,ANY,5,1,50,0057B8,111111,FFFFFF
129,Steel Canyon Racing,ANY,5,1,50,ED1C24,111111,FFFFFF
130,Shadow Crest Motorsport,ANY,5,1,50,111111,3A3A3A,8A8F98
131,Night Ridge Racing,ANY,5,1,50,ED1C24,111111,FFFFFF
132,Twin Falcon Motorsport,ANY,5,1,50,003DA5,C0C0C0,FFFFFF
133,Northern Storm Racing,ANY,5,1,50,243B53,00AEEF,C0C0C0
134,Canyon Storm Autosport,ANY,5,1,50,243B53,00AEEF,C0C0C0
135,Rapid Wolf Racing,ANY,5,1,50,3A3A3A,C0C0C0,111111
136,Ironcliff Motorsport,ANY,5,1,50,0057B8,111111,FFFFFF
137,Sapphire Peak Racing,ANY,5,1,50,0F52BA,111111,FFFFFF
138,Coastal Ridge Motorsport,ANY,5,1,50,0057B8,111111,FFFFFF
139,Wild Summit Racing,ANY,5,1,50,0B6623,C0C0C0,FFFFFF
140,Diamond Crest Motorsport,ANY,5,1,50,0057B8,111111,FFFFFF
141,Blue Thunder Racing,ANY,5,1,50,0057B8,111111,FFFFFF
142,Falcon Crest Autosport,ANY,5,1,50,003DA5,C0C0C0,FFFFFF
143,Storm River Motorsport,ANY,5,1,50,243B53,00AEEF,C0C0C0
144,Midnight Apex Racing,ANY,5,1,50,ED1C24,111111,FFFFFF
145,Silver Bay Racing,ANY,5,1,50,C0C0C0,111111,0057B8
146,Titan River Motorsport,ANY,5,1,50,2F3A4A,D4AF37,FFFFFF
147,Red Falcon Racing,ANY,5,1,50,D71920,111111,FFFFFF
148,Glacier Crest Motorsport,ANY,5,1,50,0057B8,111111,FFFFFF
149,Victory Storm Racing,ANY,5,1,50,243B53,00AEEF,C0C0C0
150,Atlas Ridge Motorsport,ANY,5,1,50,0057B8,111111,FFFFFF
151,White Storm Racing,ANY,5,1,50,FFFFFF,111111,0057B8
152,Granite Wolf Motorsport,ANY,5,1,50,3A3A3A,C0C0C0,111111
153,Horizon Point Racing,ANY,5,1,50,ED1C24,111111,FFFFFF
154,Northern Crest Motorsport,ANY,5,1,50,0057B8,111111,FFFFFF
155,Black River Racing,ANY,5,1,50,50505,111111,FFFFFF
156,Iron Summit Autosport,ANY,5,1,50,0B6623,C0C0C0,FFFFFF
157,Crimson Storm Racing,ANY,5,1,50,9E1B32,111111,FFFFFF
158,Steel Point Motorsport,ANY,5,1,50,0057B8,111111,FFFFFF
159,Fireline Racing,ANY,5,1,50,ED1C24,111111,FFFFFF
160,Thunder Valley Motorsport,ANY,5,1,50,2D2F7F,FFD100,FFFFFF
161,Coastal Wolf Racing,ANY,5,1,50,3A3A3A,C0C0C0,111111
162,Wild Ridge Motorsport,ANY,5,1,50,0057B8,111111,FFFFFF
163,Silver Harbor Racing,ANY,5,1,50,C0C0C0,111111,0057B8
164,Shadow Run Motorsport,ANY,5,1,50,111111,3A3A3A,8A8F98
165,Phoenix Ridge Racing,ANY,5,1,50,FF6A00,D71920,111111
166,Diamond Storm Motorsport,ANY,5,1,50,243B53,00AEEF,C0C0C0
167,Redline Apex Racing,ANY,5,1,50,D71920,111111,FFFFFF
168,Blue Falcon Competition,ANY,5,1,50,0057B8,111111,FFFFFF
169,Atlas Peak Motorsport,ANY,5,1,50,0057B8,111111,FFFFFF
170,Thunder Crest Racing,ANY,5,1,50,2D2F7F,FFD100,FFFFFF
171,Glacier Edge Racing,ANY,5,1,50,D71920,111111,FFFFFF
172,Iron Horizon Motorsport,ANY,5,1,50,0057B8,111111,FFFFFF
173,Silver Crest Competition,ANY,5,1,50,C0C0C0,111111,0057B8
174,Black Summit Racing,ANY,5,1,50,50505,111111,FFFFFF
175,Wild Falcon Motorsport,ANY,5,1,50,003DA5,C0C0C0,FFFFFF
176,Velocity Crest Racing,ANY,5,1,50,0057B8,FF6A00,FFFFFF
177,Northern Wolf Competition,ANY,5,1,50,3A3A3A,C0C0C0,111111
178,Fire Ridge Motorsport,ANY,5,1,50,0057B8,111111,FFFFFF
179,Crimson Horizon Racing,ANY,5,1,50,9E1B32,111111,FFFFFF
180,Titan Crest Autosport,ANY,5,1,50,2F3A4A,D4AF37,FFFFFF
181,Sapphire Storm Motorsport,ANY,5,1,50,0F52BA,111111,FFFFFF
182,White Harbor Racing,ANY,5,1,50,FFFFFF,111111,0057B8
183,Storm Crest Competition,ANY,5,1,50,243B53,00AEEF,C0C0C0
184,Falcon Bay Racing,ANY,5,1,50,003DA5,C0C0C0,FFFFFF
185,Apex Harbor Motorsport,ANY,5,1,50,ED1C24,111111,FFFFFF
186,Granite Falcon Racing,ANY,5,1,50,003DA5,C0C0C0,FFFFFF
187,Steel Storm Competition,ANY,5,1,50,243B53,00AEEF,C0C0C0
188,Coastal Fire Motorsport,ANY,5,1,50,0057B8,111111,FFFFFF
189,Midnight Crest Racing,ANY,5,1,50,ED1C24,111111,FFFFFF
190,Rapid Harbor Motorsport,ANY,5,1,50,0057B8,111111,FFFFFF
191,Diamond Ridge Competition,ANY,5,1,50,B87333,1F2933,FFFFFF
192,Glacier Point Autosport,ANY,5,1,50,0057B8,C0C0C0,FFFFFF
193,Iron Falcon Racing,ANY,5,1,50,003DA5,C0C0C0,FFFFFF
194,Northern Flame Motorsport,ANY,5,1,50,0057B8,111111,FFFFFF
195,Blue Summit Racing,ANY,5,1,50,0057B8,111111,FFFFFF
196,Crimson Valley Competition,ANY,5,1,50,9E1B32,111111,FFFFFF
197,Victory Harbor Motorsport,ANY,5,1,50,0057B8,111111,FFFFFF
198,Thunder Wolf Racing,ANY,5,1,50,2D2F7F,FFD100,FFFFFF
199,Shadow Harbor Motorsport,ANY,5,1,50,111111,3A3A3A,8A8F98
200,Atlas Storm Racing,ANY,5,1,50,243B53,00AEEF,C0C0C0
201,Steel Ridge Competition,ANY,5,1,50,009B77,1F2933,FFFFFF
202,White Peak Motorsport,ANY,5,1,50,FFFFFF,111111,0057B8
203,Wild Harbor Racing,ANY,5,1,50,ED1C24,111111,FFFFFF
204,Falcon Point Motorsport,ANY,5,1,50,003DA5,C0C0C0,FFFFFF
205,Silver Flame Racing,ANY,5,1,50,C0C0C0,111111,0057B8
206,Horizon Crest Competition,ANY,5,1,50,00AEEF,1F2933,FFFFFF
207,Black Falcon Motorsport,ANY,5,1,50,50505,111111,FFFFFF
208,Storm Harbor Racing,ANY,5,1,50,243B53,00AEEF,C0C0C0
209,Titan Wolf Motorsport,ANY,5,1,50,2F3A4A,D4AF37,FFFFFF
210,Sapphire Ridge Competition,ANY,5,1,50,0F52BA,111111,FFFFFF
211,Coastal Crest Racing,ANY,5,1,50,ED1C24,111111,FFFFFF
212,Iron Flame Motorsport,ANY,5,1,50,0057B8,111111,FFFFFF
213,Glacier Summit Racing,ANY,5,1,50,0B6623,C0C0C0,FFFFFF
214,Diamond Harbor Motorsport,ANY,5,1,50,0057B8,111111,FFFFFF
215,Blue Canyon Racing,ANY,5,1,50,0057B8,111111,FFFFFF
216,Phoenix Harbor Motorsport,ANY,5,1,50,FF6A00,D71920,111111
217,Granite Flame Racing,ANY,5,1,50,ED1C24,111111,FFFFFF
218,Thunder Point Competition,ANY,5,1,50,2D2F7F,FFD100,FFFFFF
219,Victory Ridge Motorsport,ANY,5,1,50,0057B8,111111,FFFFFF
220,Shadow Flame Racing,ANY,5,1,50,111111,3A3A3A,8A8F98
221,Wild Canyon Motorsport,ANY,5,1,50,0057B8,111111,FFFFFF
222,Silver Point Racing,ANY,5,1,50,C0C0C0,111111,0057B8
223,Atlas Harbor Competition,ANY,5,1,50,FF6A00,1F2933,FFFFFF
224,Black Crest Motorsport,ANY,5,1,50,50505,111111,FFFFFF
225,Falcon Valley Racing,ANY,5,1,50,003DA5,C0C0C0,FFFFFF
226,Red Storm Motorsport,ANY,5,1,50,D71920,111111,FFFFFF
227,Steel Harbor Racing,ANY,5,1,50,ED1C24,111111,FFFFFF
228,Glacier Wolf Competition,ANY,5,1,50,3A3A3A,C0C0C0,111111
229,Midnight Harbor Motorsport,ANY,5,1,50,0057B8,111111,FFFFFF
230,Northern Flame Racing,ANY,5,1,50,ED1C24,111111,FFFFFF
231,Apex Storm Competition,ANY,5,1,50,243B53,00AEEF,C0C0C0
232,Coastal Falcon Motorsport,ANY,5,1,50,003DA5,C0C0C0,FFFFFF
233,Diamond Point Racing,ANY,5,1,50,ED1C24,111111,FFFFFF
234,Titan Harbor Motorsport,ANY,5,1,50,2F3A4A,D4AF37,FFFFFF
235,Blue Crest Competition,ANY,5,1,50,0057B8,111111,FFFFFF
236,Granite Harbor Racing,ANY,5,1,50,ED1C24,111111,FFFFFF
237,Shadow Wolf Motorsport,ANY,5,1,50,111111,3A3A3A,8A8F98
238,Crimson Peak Racing,ANY,5,1,50,9E1B32,111111,FFFFFF
239,Fire Harbor Competition,ANY,5,1,50,2D2F7F,1F2933,FFFFFF
240,Silver Valley Motorsport,ANY,5,1,50,C0C0C0,111111,0057B8
241,Wild Point Racing,ANY,5,1,50,ED1C24,111111,FFFFFF
242,Storm Falcon Competition,ANY,5,1,50,243B53,00AEEF,C0C0C0
243,Atlas Flame Motorsport,ANY,5,1,50,0057B8,111111,FFFFFF
244,Black Harbor Racing,ANY,5,1,50,50505,111111,FFFFFF
245,Victory Falcon Motorsport,ANY,5,1,50,003DA5,C0C0C0,FFFFFF
246,Glacier Valley Racing,ANY,5,1,50,ED1C24,111111,FFFFFF
247,Iron Point Competition,ANY,5,1,50,FF6A00,1F2933,FFFFFF
248,Sapphire Harbor Motorsport,ANY,5,1,50,0F52BA,111111,FFFFFF
249,Coastal Storm Racing,ANY,5,1,50,243B53,00AEEF,C0C0C0
250,Northern Peak Competition,ANY,5,1,50,0057B8,1F2933,FFFFFF
251,Diamond Falcon Motorsport,ANY,5,1,50,003DA5,C0C0C0,FFFFFF
252,White Canyon Racing,ANY,5,1,50,FFFFFF,111111,0057B8
253,Thunder Harbor Motorsport,ANY,5,1,50,2D2F7F,FFD100,FFFFFF
254,Shadow Crest Competition,ANY,5,1,50,111111,3A3A3A,8A8F98
255,Falcon Summit Racing,ANY,5,1,50,0B6623,C0C0C0,FFFFFF
256,Blue Harbor Motorsport,ANY,5,1,50,0057B8,111111,FFFFFF
257,Crimson Falcon Competition,ANY,5,1,50,9E1B32,111111,FFFFFF
258,Steel Valley Racing,ANY,5,1,50,ED1C24,111111,FFFFFF
259,Wild Storm Motorsport,ANY,5,1,50,243B53,00AEEF,C0C0C0
260,Granite Point Competition,ANY,5,1,50,00AEEF,1F2933,FFFFFF
261,Titan Flame Racing,ANY,5,1,50,2F3A4A,D4AF37,FFFFFF
262,Victory Canyon Motorsport,ANY,5,1,50,0057B8,111111,FFFFFF
263,Iron Harbor Competition,ANY,5,1,50,6F2DA8,1F2933,FFFFFF
264,Silver Storm Racing,ANY,5,1,50,C0C0C0,111111,0057B8
265,Phoenix Valley Motorsport,ANY,5,1,50,FF6A00,D71920,111111
266,Rockcug Racing,ANY,5,1,50,ED1C24,111111,FFFFFF
268,Apex Motorsport,ANY,5,1,50,ED1C24,111111,FFFFFF
269,Apex Autosport,ANY,5,1,50,ED1C24,111111,FFFFFF
270,Apex Competition,ANY,5,1,50,ED1C24,111111,FFFFFF
271,Apex Race Team,ANY,5,1,50,ED1C24,111111,FFFFFF
272,Apex Speedworks,ANY,5,1,50,ED1C24,111111,FFFFFF
273,Apex Performance,ANY,5,1,50,ED1C24,111111,FFFFFF
274,Apex Engineering,ANY,5,1,50,ED1C24,111111,FFFFFF
275,Apex Motors,ANY,5,1,50,ED1C24,111111,FFFFFF
276,Apex Works,ANY,5,1,50,ED1C24,111111,FFFFFF
277,Apex Grand Prix,ANY,5,1,50,ED1C24,111111,FFFFFF
278,Apex Racing Team,ANY,5,1,50,ED1C24,111111,FFFFFF
279,Apex Motor Club,ANY,5,1,50,ED1C24,111111,FFFFFF
280,Apex Competition Group,ANY,5,1,50,ED1C24,111111,FFFFFF
281,Apex Performance Lab,ANY,5,1,50,ED1C24,111111,FFFFFF
282,Apex Racecraft,ANY,5,1,50,ED1C24,111111,FFFFFF
283,Apex Motorsport Group,ANY,5,1,50,ED1C24,111111,FFFFFF
284,Apex Factory Team,ANY,5,1,50,ED1C24,111111,FFFFFF
285,Apex Racing Collective,ANY,5,1,50,ED1C24,111111,FFFFFF
286,Apex Speed Syndicate,ANY,5,1,50,ED1C24,111111,FFFFFF
287,Apex Motorsport Alliance,ANY,5,1,50,ED1C24,111111,FFFFFF
288,Apex Racing Stable,ANY,5,1,50,ED1C24,111111,FFFFFF
289,Apex Race Garage,ANY,5,1,50,ED1C24,111111,FFFFFF
290,Apex Track Team,ANY,5,1,50,ED1C24,111111,FFFFFF
291,Apex Velocity Works,ANY,5,1,50,0057B8,FF6A00,FFFFFF
292,Apex Endurance Team,ANY,5,1,50,ED1C24,111111,FFFFFF
293,Apex Sprint Team,ANY,5,1,50,ED1C24,111111,FFFFFF
294,Apex Circuit Team,ANY,5,1,50,ED1C24,111111,FFFFFF
295,Apex Development,ANY,5,1,50,ED1C24,111111,FFFFFF
296,Apex Motorsport Partners,ANY,5,1,50,ED1C24,111111,FFFFFF
297,Apex Racing Dynamics,ANY,5,1,50,ED1C24,111111,FFFFFF
298,Apex Auto Sport,ANY,5,1,50,ED1C24,111111,FFFFFF
299,Apex Race Engineering,ANY,5,1,50,ED1C24,111111,FFFFFF
300,Apex Motorsport Crew,ANY,5,1,50,ED1C24,111111,FFFFFF
301,Apex Performance Works,ANY,5,1,50,ED1C24,111111,FFFFFF
302,Apex Racing Group,ANY,5,1,50,ED1C24,111111,FFFFFF
303,Apex Race Lab,ANY,5,1,50,ED1C24,111111,FFFFFF
304,Apex Racing Ventures,ANY,5,1,50,ED1C24,111111,FFFFFF
305,Apex Motorsport Holdings,ANY,5,1,50,ED1C24,111111,FFFFFF
306,Apex Speed Club,ANY,5,1,50,ED1C24,111111,FFFFFF
307,Velocity Racing,ANY,5,1,50,0057B8,FF6A00,FFFFFF
308,Velocity Motorsport,ANY,5,1,50,0057B8,FF6A00,FFFFFF
309,Velocity Autosport,ANY,5,1,50,0057B8,FF6A00,FFFFFF
310,Velocity Competition,ANY,5,1,50,0057B8,FF6A00,FFFFFF
311,Velocity Race Team,ANY,5,1,50,0057B8,FF6A00,FFFFFF
312,Velocity Speedworks,ANY,5,1,50,0057B8,FF6A00,FFFFFF
313,Velocity Performance,ANY,5,1,50,0057B8,FF6A00,FFFFFF
314,Velocity Engineering,ANY,5,1,50,0057B8,FF6A00,FFFFFF
315,Velocity Motors,ANY,5,1,50,0057B8,FF6A00,FFFFFF
316,Velocity Works,ANY,5,1,50,0057B8,FF6A00,FFFFFF
317,Velocity Grand Prix,ANY,5,1,50,0057B8,FF6A00,FFFFFF
318,Velocity Racing Team,ANY,5,1,50,0057B8,FF6A00,FFFFFF
319,Velocity Motor Club,ANY,5,1,50,0057B8,FF6A00,FFFFFF
320,Velocity Competition Group,ANY,5,1,50,0057B8,FF6A00,FFFFFF
321,Velocity Performance Lab,ANY,5,1,50,0057B8,FF6A00,FFFFFF
322,Velocity Racecraft,ANY,5,1,50,0057B8,FF6A00,FFFFFF
323,Velocity Motorsport Group,ANY,5,1,50,0057B8,FF6A00,FFFFFF
324,Velocity Factory Team,ANY,5,1,50,0057B8,FF6A00,FFFFFF
325,Velocity Racing Collective,ANY,5,1,50,0057B8,FF6A00,FFFFFF
326,Velocity Speed Syndicate,ANY,5,1,50,0057B8,FF6A00,FFFFFF
327,Velocity Motorsport Alliance,ANY,5,1,50,0057B8,FF6A00,FFFFFF
328,Velocity Racing Stable,ANY,5,1,50,0057B8,FF6A00,FFFFFF
329,Velocity Race Garage,ANY,5,1,50,0057B8,FF6A00,FFFFFF
330,Velocity Track Team,ANY,5,1,50,0057B8,FF6A00,FFFFFF
331,Velocity Velocity Works,ANY,5,1,50,0057B8,FF6A00,FFFFFF
332,Velocity Endurance Team,ANY,5,1,50,0057B8,FF6A00,FFFFFF
333,Velocity Sprint Team,ANY,5,1,50,0057B8,FF6A00,FFFFFF
334,Velocity Circuit Team,ANY,5,1,50,0057B8,FF6A00,FFFFFF
335,Velocity Development,ANY,5,1,50,0057B8,FF6A00,FFFFFF
336,Velocity Motorsport Partners,ANY,5,1,50,0057B8,FF6A00,FFFFFF
337,Velocity Racing Dynamics,ANY,5,1,50,0057B8,FF6A00,FFFFFF
338,Velocity Race Engineering,ANY,5,1,50,0057B8,FF6A00,FFFFFF
339,Velocity Motorsport Crew,ANY,5,1,50,0057B8,FF6A00,FFFFFF
340,Velocity Performance Works,ANY,5,1,50,0057B8,FF6A00,FFFFFF
341,Velocity Racing Group,ANY,5,1,50,0057B8,FF6A00,FFFFFF
342,Velocity Race Lab,ANY,5,1,50,0057B8,FF6A00,FFFFFF
343,Velocity Racing Ventures,ANY,5,1,50,0057B8,FF6A00,FFFFFF
344,Velocity Motorsport Holdings,ANY,5,1,50,0057B8,FF6A00,FFFFFF
345,Velocity Speed Club,ANY,5,1,50,0057B8,FF6A00,FFFFFF
346,Summit Racing,ANY,5,1,50,0B6623,C0C0C0,FFFFFF
347,Summit Motorsport,ANY,5,1,50,0B6623,C0C0C0,FFFFFF
348,Summit Autosport,ANY,5,1,50,0B6623,C0C0C0,FFFFFF
349,Summit Competition,ANY,5,1,50,0B6623,C0C0C0,FFFFFF
350,Summit Race Team,ANY,5,1,50,0B6623,C0C0C0,FFFFFF
351,Summit Speedworks,ANY,5,1,50,0B6623,C0C0C0,FFFFFF
352,Summit Performance,ANY,5,1,50,0B6623,C0C0C0,FFFFFF
353,Summit Engineering,ANY,5,1,50,0B6623,C0C0C0,FFFFFF
354,Summit Motors,ANY,5,1,50,0B6623,C0C0C0,FFFFFF
355,Summit Works,ANY,5,1,50,0B6623,C0C0C0,FFFFFF
356,Summit Grand Prix,ANY,5,1,50,0B6623,C0C0C0,FFFFFF
357,Summit Motor Club,ANY,5,1,50,0B6623,C0C0C0,FFFFFF
358,Summit Competition Group,ANY,5,1,50,0B6623,C0C0C0,FFFFFF
359,Summit Performance Lab,ANY,5,1,50,0B6623,C0C0C0,FFFFFF
360,Summit Racecraft,ANY,5,1,50,0B6623,C0C0C0,FFFFFF
361,Summit Motorsport Group,ANY,5,1,50,0B6623,C0C0C0,FFFFFF
362,Summit Factory Team,ANY,5,1,50,0B6623,C0C0C0,FFFFFF
363,Summit Racing Collective,ANY,5,1,50,0B6623,C0C0C0,FFFFFF
364,Summit Speed Syndicate,ANY,5,1,50,0B6623,C0C0C0,FFFFFF
365,Summit Motorsport Alliance,ANY,5,1,50,0B6623,C0C0C0,FFFFFF
366,Summit Racing Stable,ANY,5,1,50,0B6623,C0C0C0,FFFFFF
367,Summit Race Garage,ANY,5,1,50,0B6623,C0C0C0,FFFFFF
368,Summit Track Team,ANY,5,1,50,0B6623,C0C0C0,FFFFFF
369,Summit Velocity Works,ANY,5,1,50,0057B8,FF6A00,FFFFFF
370,Summit Endurance Team,ANY,5,1,50,0B6623,C0C0C0,FFFFFF
371,Summit Sprint Team,ANY,5,1,50,0B6623,C0C0C0,FFFFFF
372,Summit Circuit Team,ANY,5,1,50,0B6623,C0C0C0,FFFFFF
373,Summit Development,ANY,5,1,50,0B6623,C0C0C0,FFFFFF
374,Summit Motorsport Partners,ANY,5,1,50,0B6623,C0C0C0,FFFFFF
375,Summit Racing Dynamics,ANY,5,1,50,0B6623,C0C0C0,FFFFFF
376,Summit Auto Sport,ANY,5,1,50,0B6623,C0C0C0,FFFFFF
377,Summit Race Engineering,ANY,5,1,50,0B6623,C0C0C0,FFFFFF
378,Summit Motorsport Crew,ANY,5,1,50,0B6623,C0C0C0,FFFFFF
379,Summit Performance Works,ANY,5,1,50,0B6623,C0C0C0,FFFFFF
380,Summit Racing Group,ANY,5,1,50,0B6623,C0C0C0,FFFFFF
381,Summit Race Lab,ANY,5,1,50,0B6623,C0C0C0,FFFFFF
382,Summit Racing Ventures,ANY,5,1,50,0B6623,C0C0C0,FFFFFF
383,Summit Motorsport Holdings,ANY,5,1,50,0B6623,C0C0C0,FFFFFF
384,Summit Speed Club,ANY,5,1,50,0B6623,C0C0C0,FFFFFF
385,Ironclad Racing,ANY,5,1,50,ED1C24,111111,FFFFFF
386,Ironclad Motorsport,ANY,5,1,50,0057B8,111111,FFFFFF
387,Ironclad Autosport,ANY,5,1,50,0057B8,C0C0C0,FFFFFF
388,Ironclad Competition,ANY,5,1,50,2D2F7F,1F2933,FFFFFF
389,Ironclad Race Team,ANY,5,1,50,B87333,1F2933,FFFFFF
390,Ironclad Speedworks,ANY,5,1,50,9B111E,1F2933,FFFFFF
391,Ironclad Engineering,ANY,5,1,50,6F2DA8,1F2933,FFFFFF
392,Ironclad Motors,ANY,5,1,50,FF6A00,1F2933,FFFFFF
393,Ironclad Works,ANY,5,1,50,FF6A00,1F2933,FFFFFF
394,Ironclad Grand Prix,ANY,5,1,50,009B77,1F2933,FFFFFF
395,Ironclad Racing Team,ANY,5,1,50,ED1C24,111111,FFFFFF
396,Ironclad Motor Club,ANY,5,1,50,0057B8,1F2933,FFFFFF
397,Ironclad Competition Group,ANY,5,1,50,6F2DA8,1F2933,FFFFFF
398,Ironclad Performance Lab,ANY,5,1,50,B87333,1F2933,FFFFFF
399,Ironclad Racecraft,ANY,5,1,50,2D2F7F,1F2933,FFFFFF
400,Ironclad Motorsport Group,ANY,5,1,50,0057B8,111111,FFFFFF
401,Ironclad Factory Team,ANY,5,1,50,FF4FA3,1F2933,FFFFFF
402,Ironclad Racing Collective,ANY,5,1,50,ED1C24,111111,FFFFFF
403,Ironclad Speed Syndicate,ANY,5,1,50,00AEEF,1F2933,FFFFFF
404,Ironclad Motorsport Alliance,ANY,5,1,50,0057B8,111111,FFFFFF
405,Ironclad Racing Stable,ANY,5,1,50,ED1C24,111111,FFFFFF
406,Ironclad Race Garage,ANY,5,1,50,9B111E,1F2933,FFFFFF
407,Ironclad Track Team,ANY,5,1,50,B87333,1F2933,FFFFFF
408,Ironclad Velocity Works,ANY,5,1,50,0057B8,FF6A00,FFFFFF
409,Ironclad Endurance Team,ANY,5,1,50,00AEEF,1F2933,FFFFFF
410,Ironclad Sprint Team,ANY,5,1,50,FF6A00,1F2933,FFFFFF
411,Ironclad Circuit Team,ANY,5,1,50,FF6A00,1F2933,FFFFFF
412,Ironclad Development,ANY,5,1,50,78BE20,1F2933,FFFFFF
413,Ironclad Motorsport Partners,ANY,5,1,50,0057B8,111111,FFFFFF
414,Ironclad Racing Dynamics,ANY,5,1,50,ED1C24,111111,FFFFFF
415,Ironclad Auto Sport,ANY,5,1,50,6F2DA8,1F2933,FFFFFF
416,Ironclad Race Engineering,ANY,5,1,50,ED1C24,1F2933,FFFFFF
417,Ironclad Motorsport Crew,ANY,5,1,50,0057B8,111111,FFFFFF
418,Ironclad Performance Works,ANY,5,1,50,0057B8,1F2933,FFFFFF
419,Ironclad Racing Group,ANY,5,1,50,ED1C24,111111,FFFFFF
420,Ironclad Race Lab,ANY,5,1,50,2D2F7F,1F2933,FFFFFF
421,Ironclad Racing Ventures,ANY,5,1,50,ED1C24,111111,FFFFFF
422,Ironclad Motorsport Holdings,ANY,5,1,50,0057B8,111111,FFFFFF
423,Ironclad Speed Club,ANY,5,1,50,0057B8,1F2933,FFFFFF
424,Blue Ridge Racing,ANY,5,1,50,0057B8,111111,FFFFFF
425,Blue Ridge Motorsport,ANY,5,1,50,0057B8,111111,FFFFFF
426,Blue Ridge Autosport,ANY,5,1,50,0057B8,111111,FFFFFF
427,Blue Ridge Competition,ANY,5,1,50,0057B8,111111,FFFFFF
428,Blue Ridge Race Team,ANY,5,1,50,0057B8,111111,FFFFFF
429,Blue Ridge Speedworks,ANY,5,1,50,0057B8,111111,FFFFFF
430,Blue Ridge Engineering,ANY,5,1,50,0057B8,111111,FFFFFF
431,Blue Ridge Motors,ANY,5,1,50,0057B8,111111,FFFFFF
432,Blue Ridge Works,ANY,5,1,50,0057B8,111111,FFFFFF
433,Blue Ridge Grand Prix,ANY,5,1,50,0057B8,111111,FFFFFF
434,Blue Ridge Racing Team,ANY,5,1,50,0057B8,111111,FFFFFF
435,Blue Ridge Motor Club,ANY,5,1,50,0057B8,111111,FFFFFF
436,Blue Ridge Competition Group,ANY,5,1,50,0057B8,111111,FFFFFF
437,Blue Ridge Performance Lab,ANY,5,1,50,0057B8,111111,FFFFFF
438,Blue Ridge Racecraft,ANY,5,1,50,0057B8,111111,FFFFFF
439,Blue Ridge Motorsport Group,ANY,5,1,50,0057B8,111111,FFFFFF
440,Blue Ridge Factory Team,ANY,5,1,50,0057B8,111111,FFFFFF
441,Blue Ridge Racing Collective,ANY,5,1,50,0057B8,111111,FFFFFF
442,Blue Ridge Speed Syndicate,ANY,5,1,50,0057B8,111111,FFFFFF
443,Blue Ridge Motorsport Alliance,ANY,5,1,50,0057B8,111111,FFFFFF
444,Blue Ridge Racing Stable,ANY,5,1,50,0057B8,111111,FFFFFF
445,Blue Ridge Race Garage,ANY,5,1,50,0057B8,111111,FFFFFF
446,Blue Ridge Track Team,ANY,5,1,50,0057B8,111111,FFFFFF
447,Blue Ridge Velocity Works,ANY,5,1,50,0057B8,111111,FFFFFF
448,Blue Ridge Endurance Team,ANY,5,1,50,0057B8,111111,FFFFFF
449,Blue Ridge Sprint Team,ANY,5,1,50,0057B8,111111,FFFFFF
450,Blue Ridge Circuit Team,ANY,5,1,50,0057B8,111111,FFFFFF
451,Blue Ridge Development,ANY,5,1,50,0057B8,111111,FFFFFF
452,Blue Ridge Motorsport Partners,ANY,5,1,50,0057B8,111111,FFFFFF
453,Blue Ridge Racing Dynamics,ANY,5,1,50,0057B8,111111,FFFFFF
454,Blue Ridge Auto Sport,ANY,5,1,50,0057B8,111111,FFFFFF
455,Blue Ridge Race Engineering,ANY,5,1,50,0057B8,111111,FFFFFF
456,Blue Ridge Motorsport Crew,ANY,5,1,50,0057B8,111111,FFFFFF
457,Blue Ridge Performance Works,ANY,5,1,50,0057B8,111111,FFFFFF
458,Blue Ridge Racing Group,ANY,5,1,50,0057B8,111111,FFFFFF
459,Blue Ridge Race Lab,ANY,5,1,50,0057B8,111111,FFFFFF
460,Blue Ridge Racing Ventures,ANY,5,1,50,0057B8,111111,FFFFFF
461,Blue Ridge Motorsport Holdings,ANY,5,1,50,0057B8,111111,FFFFFF
462,Blue Ridge Speed Club,ANY,5,1,50,0057B8,111111,FFFFFF
463,Redline Racing,ANY,5,1,50,D71920,111111,FFFFFF
464,Redline Motorsport,ANY,5,1,50,D71920,111111,FFFFFF
465,Redline Autosport,ANY,5,1,50,D71920,111111,FFFFFF
466,Redline Race Team,ANY,5,1,50,D71920,111111,FFFFFF
467,Redline Speedworks,ANY,5,1,50,D71920,111111,FFFFFF
468,Redline Performance,ANY,5,1,50,D71920,111111,FFFFFF
469,Redline Engineering,ANY,5,1,50,D71920,111111,FFFFFF
470,Redline Motors,ANY,5,1,50,D71920,111111,FFFFFF
471,Redline Works,ANY,5,1,50,D71920,111111,FFFFFF
472,Redline Grand Prix,ANY,5,1,50,D71920,111111,FFFFFF
473,Redline Racing Team,ANY,5,1,50,D71920,111111,FFFFFF
474,Redline Motor Club,ANY,5,1,50,D71920,111111,FFFFFF
475,Redline Competition Group,ANY,5,1,50,D71920,111111,FFFFFF
476,Redline Performance Lab,ANY,5,1,50,D71920,111111,FFFFFF
477,Redline Racecraft,ANY,5,1,50,D71920,111111,FFFFFF
478,Redline Motorsport Group,ANY,5,1,50,D71920,111111,FFFFFF
479,Redline Factory Team,ANY,5,1,50,D71920,111111,FFFFFF
480,Redline Racing Collective,ANY,5,1,50,D71920,111111,FFFFFF
481,Redline Speed Syndicate,ANY,5,1,50,D71920,111111,FFFFFF
482,Redline Motorsport Alliance,ANY,5,1,50,D71920,111111,FFFFFF
483,Redline Racing Stable,ANY,5,1,50,D71920,111111,FFFFFF
484,Redline Race Garage,ANY,5,1,50,D71920,111111,FFFFFF
485,Redline Track Team,ANY,5,1,50,D71920,111111,FFFFFF
486,Redline Velocity Works,ANY,5,1,50,D71920,111111,FFFFFF
487,Redline Endurance Team,ANY,5,1,50,D71920,111111,FFFFFF
488,Redline Sprint Team,ANY,5,1,50,D71920,111111,FFFFFF
489,Redline Circuit Team,ANY,5,1,50,D71920,111111,FFFFFF
490,Redline Development,ANY,5,1,50,D71920,111111,FFFFFF
491,Redline Motorsport Partners,ANY,5,1,50,D71920,111111,FFFFFF
492,Redline Racing Dynamics,ANY,5,1,50,D71920,111111,FFFFFF
493,Redline Auto Sport,ANY,5,1,50,D71920,111111,FFFFFF
494,Redline Race Engineering,ANY,5,1,50,D71920,111111,FFFFFF
495,Redline Motorsport Crew,ANY,5,1,50,D71920,111111,FFFFFF
496,Redline Performance Works,ANY,5,1,50,D71920,111111,FFFFFF
497,Redline Racing Group,ANY,5,1,50,D71920,111111,FFFFFF
498,Redline Race Lab,ANY,5,1,50,D71920,111111,FFFFFF
499,Redline Racing Ventures,ANY,5,1,50,D71920,111111,FFFFFF
500,Redline Motorsport Holdings,ANY,5,1,50,D71920,111111,FFFFFF
501,Redline Speed Club,ANY,5,1,50,D71920,111111,FFFFFF
502,Silverstone Racing,ANY,5,1,50,C0C0C0,111111,0057B8
503,Silverstone Motorsport,ANY,5,1,50,C0C0C0,111111,0057B8
504,Silverstone Autosport,ANY,5,1,50,C0C0C0,111111,0057B8
505,Silverstone Competition,ANY,5,1,50,C0C0C0,111111,0057B8
506,Silverstone Race Team,ANY,5,1,50,C0C0C0,111111,0057B8
507,Silverstone Speedworks,ANY,5,1,50,C0C0C0,111111,0057B8
508,Silverstone Performance,ANY,5,1,50,C0C0C0,111111,0057B8
509,Silverstone Engineering,ANY,5,1,50,C0C0C0,111111,0057B8
510,Silverstone Motors,ANY,5,1,50,C0C0C0,111111,0057B8
511,Silverstone Works,ANY,5,1,50,C0C0C0,111111,0057B8
512,Silverstone Grand Prix,ANY,5,1,50,C0C0C0,111111,0057B8
513,Silverstone Racing Team,ANY,5,1,50,C0C0C0,111111,0057B8
514,Silverstone Motor Club,ANY,5,1,50,C0C0C0,111111,0057B8
515,Silverstone Competition Group,ANY,5,1,50,C0C0C0,111111,0057B8
516,Silverstone Performance Lab,ANY,5,1,50,C0C0C0,111111,0057B8
517,Silverstone Racecraft,ANY,5,1,50,C0C0C0,111111,0057B8
518,Silverstone Motorsport Group,ANY,5,1,50,C0C0C0,111111,0057B8
519,Silverstone Factory Team,ANY,5,1,50,C0C0C0,111111,0057B8
520,Silverstone Racing Collective,ANY,5,1,50,C0C0C0,111111,0057B8
521,Silverstone Speed Syndicate,ANY,5,1,50,C0C0C0,111111,0057B8
522,Silverstone Motorsport Alliance,ANY,5,1,50,C0C0C0,111111,0057B8
523,Silverstone Racing Stable,ANY,5,1,50,C0C0C0,111111,0057B8
524,Silverstone Race Garage,ANY,5,1,50,C0C0C0,111111,0057B8
525,Silverstone Track Team,ANY,5,1,50,C0C0C0,111111,0057B8
526,Silverstone Velocity Works,ANY,5,1,50,C0C0C0,111111,0057B8
527,Silverstone Endurance Team,ANY,5,1,50,C0C0C0,111111,0057B8
528,Silverstone Sprint Team,ANY,5,1,50,C0C0C0,111111,0057B8
529,Silverstone Circuit Team,ANY,5,1,50,C0C0C0,111111,0057B8
530,Silverstone Development,ANY,5,1,50,C0C0C0,111111,0057B8
531,Silverstone Motorsport Partners,ANY,5,1,50,C0C0C0,111111,0057B8
532,Silverstone Racing Dynamics,ANY,5,1,50,C0C0C0,111111,0057B8
533,Silverstone Auto Sport,ANY,5,1,50,C0C0C0,111111,0057B8
534,Silverstone Race Engineering,ANY,5,1,50,C0C0C0,111111,0057B8
535,Silverstone Motorsport Crew,ANY,5,1,50,C0C0C0,111111,0057B8
536,Silverstone Performance Works,ANY,5,1,50,C0C0C0,111111,0057B8
537,Silverstone Racing Group,ANY,5,1,50,C0C0C0,111111,0057B8
538,Silverstone Race Lab,ANY,5,1,50,C0C0C0,111111,0057B8
539,Silverstone Racing Ventures,ANY,5,1,50,C0C0C0,111111,0057B8
540,Silverstone Motorsport Holdings,ANY,5,1,50,C0C0C0,111111,0057B8
541,Silverstone Speed Club,ANY,5,1,50,C0C0C0,111111,0057B8
542,Blackbird Racing,ANY,5,1,50,50505,111111,FFFFFF
543,Blackbird Motorsport,ANY,5,1,50,50505,111111,FFFFFF
544,Blackbird Autosport,ANY,5,1,50,50505,111111,FFFFFF
545,Blackbird Competition,ANY,5,1,50,50505,111111,FFFFFF
546,Blackbird Race Team,ANY,5,1,50,50505,111111,FFFFFF
547,Blackbird Speedworks,ANY,5,1,50,50505,111111,FFFFFF
548,Blackbird Performance,ANY,5,1,50,50505,111111,FFFFFF
549,Blackbird Engineering,ANY,5,1,50,50505,111111,FFFFFF
550,Blackbird Motors,ANY,5,1,50,50505,111111,FFFFFF
551,Blackbird Works,ANY,5,1,50,50505,111111,FFFFFF
552,Blackbird Grand Prix,ANY,5,1,50,50505,111111,FFFFFF
553,Blackbird Racing Team,ANY,5,1,50,50505,111111,FFFFFF
554,Blackbird Motor Club,ANY,5,1,50,50505,111111,FFFFFF
555,Blackbird Competition Group,ANY,5,1,50,50505,111111,FFFFFF
556,Blackbird Performance Lab,ANY,5,1,50,50505,111111,FFFFFF
557,Blackbird Racecraft,ANY,5,1,50,50505,111111,FFFFFF
558,Blackbird Motorsport Group,ANY,5,1,50,50505,111111,FFFFFF
559,Blackbird Factory Team,ANY,5,1,50,50505,111111,FFFFFF
560,Blackbird Racing Collective,ANY,5,1,50,50505,111111,FFFFFF
561,Blackbird Speed Syndicate,ANY,5,1,50,50505,111111,FFFFFF
562,Blackbird Motorsport Alliance,ANY,5,1,50,50505,111111,FFFFFF
563,Blackbird Racing Stable,ANY,5,1,50,50505,111111,FFFFFF
564,Blackbird Race Garage,ANY,5,1,50,50505,111111,FFFFFF
565,Blackbird Track Team,ANY,5,1,50,50505,111111,FFFFFF
566,Blackbird Velocity Works,ANY,5,1,50,50505,111111,FFFFFF
567,Blackbird Endurance Team,ANY,5,1,50,50505,111111,FFFFFF
568,Blackbird Sprint Team,ANY,5,1,50,50505,111111,FFFFFF
569,Blackbird Circuit Team,ANY,5,1,50,50505,111111,FFFFFF
570,Blackbird Development,ANY,5,1,50,50505,111111,FFFFFF
571,Blackbird Motorsport Partners,ANY,5,1,50,50505,111111,FFFFFF
572,Blackbird Racing Dynamics,ANY,5,1,50,50505,111111,FFFFFF
573,Blackbird Auto Sport,ANY,5,1,50,50505,111111,FFFFFF
574,Blackbird Race Engineering,ANY,5,1,50,50505,111111,FFFFFF
575,Blackbird Motorsport Crew,ANY,5,1,50,50505,111111,FFFFFF
576,Blackbird Performance Works,ANY,5,1,50,50505,111111,FFFFFF
577,Blackbird Racing Group,ANY,5,1,50,50505,111111,FFFFFF
578,Blackbird Race Lab,ANY,5,1,50,50505,111111,FFFFFF
579,Blackbird Racing Ventures,ANY,5,1,50,50505,111111,FFFFFF
580,Blackbird Motorsport Holdings,ANY,5,1,50,50505,111111,FFFFFF
581,Blackbird Speed Club,ANY,5,1,50,50505,111111,FFFFFF
582,Northstar Racing,ANY,5,1,50,ED1C24,111111,FFFFFF
583,Northstar Motorsport,ANY,5,1,50,0057B8,111111,FFFFFF
584,Northstar Autosport,ANY,5,1,50,0057B8,C0C0C0,FFFFFF
585,Northstar Competition,ANY,5,1,50,2D2F7F,1F2933,FFFFFF
586,Northstar Race Team,ANY,5,1,50,2D2F7F,1F2933,FFFFFF
587,Northstar Speedworks,ANY,5,1,50,0057B8,1F2933,FFFFFF
588,Northstar Performance,ANY,5,1,50,78BE20,1F2933,FFFFFF
589,Northstar Engineering,ANY,5,1,50,FF4FA3,1F2933,FFFFFF
590,Northstar Motors,ANY,5,1,50,FF4FA3,1F2933,FFFFFF
591,Northstar Works,ANY,5,1,50,ED1C24,1F2933,FFFFFF
592,Northstar Grand Prix,ANY,5,1,50,009B77,1F2933,FFFFFF
593,Northstar Racing Team,ANY,5,1,50,ED1C24,111111,FFFFFF
594,Northstar Motor Club,ANY,5,1,50,B87333,1F2933,FFFFFF
595,Northstar Competition Group,ANY,5,1,50,6F2DA8,1F2933,FFFFFF
596,Northstar Performance Lab,ANY,5,1,50,D4AF37,1F2933,FFFFFF
597,Northstar Racecraft,ANY,5,1,50,FF6A00,1F2933,FFFFFF
598,Northstar Motorsport Group,ANY,5,1,50,0057B8,111111,FFFFFF
599,Northstar Factory Team,ANY,5,1,50,2D2F7F,1F2933,FFFFFF
600,Northstar Racing Collective,ANY,5,1,50,ED1C24,111111,FFFFFF
601,Northstar Speed Syndicate,ANY,5,1,50,9B111E,1F2933,FFFFFF
602,Northstar Motorsport Alliance,ANY,5,1,50,0057B8,111111,FFFFFF
603,Northstar Racing Stable,ANY,5,1,50,ED1C24,111111,FFFFFF
604,Northstar Race Garage,ANY,5,1,50,B87333,1F2933,FFFFFF
605,Northstar Track Team,ANY,5,1,50,ED1C24,1F2933,FFFFFF
606,Northstar Velocity Works,ANY,5,1,50,0057B8,FF6A00,FFFFFF
607,Northstar Endurance Team,ANY,5,1,50,6F2DA8,1F2933,FFFFFF
608,Northstar Sprint Team,ANY,5,1,50,0057B8,1F2933,FFFFFF
609,Northstar Circuit Team,ANY,5,1,50,78BE20,1F2933,FFFFFF
610,Northstar Development,ANY,5,1,50,0057B8,1F2933,FFFFFF
611,Northstar Motorsport Partners,ANY,5,1,50,0057B8,111111,FFFFFF
612,Northstar Racing Dynamics,ANY,5,1,50,ED1C24,111111,FFFFFF
613,Northstar Auto Sport,ANY,5,1,50,FF6A00,1F2933,FFFFFF
614,Northstar Race Engineering,ANY,5,1,50,2D2F7F,1F2933,FFFFFF
615,Northstar Motorsport Crew,ANY,5,1,50,0057B8,111111,FFFFFF
616,Northstar Performance Works,ANY,5,1,50,009B77,1F2933,FFFFFF
617,Northstar Racing Group,ANY,5,1,50,ED1C24,111111,FFFFFF
618,Northstar Race Lab,ANY,5,1,50,0057B8,1F2933,FFFFFF
619,Northstar Racing Ventures,ANY,5,1,50,ED1C24,111111,FFFFFF
620,Northstar Motorsport Holdings,ANY,5,1,50,0057B8,111111,FFFFFF
621,Northstar Speed Club,ANY,5,1,50,D4AF37,1F2933,FFFFFF
622,Wildcat Racing,ANY,5,1,50,ED1C24,111111,FFFFFF
623,Wildcat Motorsport,ANY,5,1,50,0057B8,111111,FFFFFF
624,Wildcat Autosport,ANY,5,1,50,0057B8,C0C0C0,FFFFFF
625,Wildcat Competition,ANY,5,1,50,B87333,1F2933,FFFFFF
626,Wildcat Race Team,ANY,5,1,50,FF4FA3,1F2933,FFFFFF
627,Wildcat Speedworks,ANY,5,1,50,2D2F7F,1F2933,FFFFFF
628,Wildcat Performance,ANY,5,1,50,ED1C24,1F2933,FFFFFF
629,Wildcat Engineering,ANY,5,1,50,00AEEF,1F2933,FFFFFF
630,Wildcat Motors,ANY,5,1,50,B87333,1F2933,FFFFFF
631,Wildcat Works,ANY,5,1,50,ED1C24,1F2933,FFFFFF
632,Wildcat Grand Prix,ANY,5,1,50,78BE20,1F2933,FFFFFF
633,Wildcat Racing Team,ANY,5,1,50,ED1C24,111111,FFFFFF
634,Wildcat Motor Club,ANY,5,1,50,FF4FA3,1F2933,FFFFFF
635,Wildcat Competition Group,ANY,5,1,50,FF6A00,1F2933,FFFFFF
636,Wildcat Performance Lab,ANY,5,1,50,78BE20,1F2933,FFFFFF
637,Wildcat Racecraft,ANY,5,1,50,FF4FA3,1F2933,FFFFFF
638,Wildcat Motorsport Group,ANY,5,1,50,0057B8,111111,FFFFFF
639,Wildcat Factory Team,ANY,5,1,50,009B77,1F2933,FFFFFF
640,Wildcat Racing Collective,ANY,5,1,50,ED1C24,111111,FFFFFF
641,Wildcat Speed Syndicate,ANY,5,1,50,9B111E,1F2933,FFFFFF
642,Wildcat Motorsport Alliance,ANY,5,1,50,0057B8,111111,FFFFFF
643,Wildcat Racing Stable,ANY,5,1,50,ED1C24,111111,FFFFFF
644,Wildcat Race Garage,ANY,5,1,50,D4AF37,1F2933,FFFFFF
645,Wildcat Track Team,ANY,5,1,50,00AEEF,1F2933,FFFFFF
646,Wildcat Velocity Works,ANY,5,1,50,0057B8,FF6A00,FFFFFF
647,Wildcat Endurance Team,ANY,5,1,50,9B111E,1F2933,FFFFFF
648,Wildcat Sprint Team,ANY,5,1,50,FF6A00,1F2933,FFFFFF
649,Wildcat Circuit Team,ANY,5,1,50,FF6A00,1F2933,FFFFFF
650,Wildcat Development,ANY,5,1,50,2D2F7F,1F2933,FFFFFF
651,Wildcat Motorsport Partners,ANY,5,1,50,0057B8,111111,FFFFFF
652,Wildcat Racing Dynamics,ANY,5,1,50,ED1C24,111111,FFFFFF
653,Wildcat Auto Sport,ANY,5,1,50,FF4FA3,1F2933,FFFFFF
654,Wildcat Race Engineering,ANY,5,1,50,78BE20,1F2933,FFFFFF
655,Wildcat Motorsport Crew,ANY,5,1,50,0057B8,111111,FFFFFF
656,Wildcat Performance Works,ANY,5,1,50,ED1C24,1F2933,FFFFFF
657,Wildcat Racing Group,ANY,5,1,50,ED1C24,111111,FFFFFF
658,Wildcat Race Lab,ANY,5,1,50,6F2DA8,1F2933,FFFFFF
659,Wildcat Racing Ventures,ANY,5,1,50,ED1C24,111111,FFFFFF
660,Wildcat Motorsport Holdings,ANY,5,1,50,0057B8,111111,FFFFFF
661,Wildcat Speed Club,ANY,5,1,50,ED1C24,1F2933,FFFFFF
662,Phoenix Racing,ANY,5,1,50,FF6A00,D71920,111111
663,Phoenix Motorsport,ANY,5,1,50,FF6A00,D71920,111111
664,Phoenix Autosport,ANY,5,1,50,FF6A00,D71920,111111
665,Phoenix Competition,ANY,5,1,50,FF6A00,D71920,111111
666,Phoenix Race Team,ANY,5,1,50,FF6A00,D71920,111111
667,Phoenix Speedworks,ANY,5,1,50,FF6A00,D71920,111111
668,Phoenix Performance,ANY,5,1,50,FF6A00,D71920,111111
669,Phoenix Engineering,ANY,5,1,50,FF6A00,D71920,111111
670,Phoenix Motors,ANY,5,1,50,FF6A00,D71920,111111
671,Phoenix Works,ANY,5,1,50,FF6A00,D71920,111111
672,Phoenix Grand Prix,ANY,5,1,50,FF6A00,D71920,111111
673,Phoenix Racing Team,ANY,5,1,50,FF6A00,D71920,111111
674,Phoenix Motor Club,ANY,5,1,50,FF6A00,D71920,111111
675,Phoenix Competition Group,ANY,5,1,50,FF6A00,D71920,111111
676,Phoenix Performance Lab,ANY,5,1,50,FF6A00,D71920,111111
677,Phoenix Racecraft,ANY,5,1,50,FF6A00,D71920,111111
678,Phoenix Motorsport Group,ANY,5,1,50,FF6A00,D71920,111111
679,Phoenix Factory Team,ANY,5,1,50,FF6A00,D71920,111111
680,Phoenix Racing Collective,ANY,5,1,50,FF6A00,D71920,111111
681,Phoenix Speed Syndicate,ANY,5,1,50,FF6A00,D71920,111111
682,Phoenix Motorsport Alliance,ANY,5,1,50,FF6A00,D71920,111111
683,Phoenix Racing Stable,ANY,5,1,50,FF6A00,D71920,111111
684,Phoenix Race Garage,ANY,5,1,50,FF6A00,D71920,111111
685,Phoenix Velocity Works,ANY,5,1,50,FF6A00,D71920,111111
686,Phoenix Endurance Team,ANY,5,1,50,FF6A00,D71920,111111
687,Phoenix Sprint Team,ANY,5,1,50,FF6A00,D71920,111111
688,Phoenix Circuit Team,ANY,5,1,50,FF6A00,D71920,111111
689,Phoenix Development,ANY,5,1,50,FF6A00,D71920,111111
690,Phoenix Motorsport Partners,ANY,5,1,50,FF6A00,D71920,111111
691,Phoenix Racing Dynamics,ANY,5,1,50,FF6A00,D71920,111111
692,Phoenix Auto Sport,ANY,5,1,50,FF6A00,D71920,111111
693,Phoenix Race Engineering,ANY,5,1,50,FF6A00,D71920,111111
694,Phoenix Motorsport Crew,ANY,5,1,50,FF6A00,D71920,111111
695,Phoenix Performance Works,ANY,5,1,50,FF6A00,D71920,111111
696,Phoenix Racing Group,ANY,5,1,50,FF6A00,D71920,111111
697,Phoenix Race Lab,ANY,5,1,50,FF6A00,D71920,111111
698,Phoenix Racing Ventures,ANY,5,1,50,FF6A00,D71920,111111
699,Phoenix Motorsport Holdings,ANY,5,1,50,FF6A00,D71920,111111
700,Phoenix Speed Club,ANY,5,1,50,FF6A00,D71920,111111
701,Vanguard Racing,ANY,5,1,50,ED1C24,111111,FFFFFF
702,Vanguard Motorsport,ANY,5,1,50,0057B8,111111,FFFFFF
703,Vanguard Autosport,ANY,5,1,50,0057B8,C0C0C0,FFFFFF
704,Vanguard Competition,ANY,5,1,50,ED1C24,1F2933,FFFFFF
705,Vanguard Race Team,ANY,5,1,50,FF4FA3,1F2933,FFFFFF
706,Vanguard Speedworks,ANY,5,1,50,0057B8,1F2933,FFFFFF
707,Vanguard Performance,ANY,5,1,50,0057B8,1F2933,FFFFFF
708,Vanguard Engineering,ANY,5,1,50,B87333,1F2933,FFFFFF
709,Vanguard Motors,ANY,5,1,50,9B111E,1F2933,FFFFFF
710,Vanguard Works,ANY,5,1,50,FF6A00,1F2933,FFFFFF
711,Vanguard Grand Prix,ANY,5,1,50,ED1C24,1F2933,FFFFFF
712,Vanguard Racing Team,ANY,5,1,50,ED1C24,111111,FFFFFF
713,Vanguard Motor Club,ANY,5,1,50,009B77,1F2933,FFFFFF
714,Vanguard Competition Group,ANY,5,1,50,00AEEF,1F2933,FFFFFF
715,Vanguard Performance Lab,ANY,5,1,50,9B111E,1F2933,FFFFFF
716,Vanguard Racecraft,ANY,5,1,50,ED1C24,1F2933,FFFFFF
717,Vanguard Motorsport Group,ANY,5,1,50,0057B8,111111,FFFFFF
718,Vanguard Factory Team,ANY,5,1,50,FF6A00,1F2933,FFFFFF
719,Vanguard Racing Collective,ANY,5,1,50,ED1C24,111111,FFFFFF
720,Vanguard Speed Syndicate,ANY,5,1,50,009B77,1F2933,FFFFFF
721,Vanguard Motorsport Alliance,ANY,5,1,50,0057B8,111111,FFFFFF
722,Vanguard Racing Stable,ANY,5,1,50,ED1C24,111111,FFFFFF
723,Vanguard Race Garage,ANY,5,1,50,D4AF37,1F2933,FFFFFF
724,Vanguard Track Team,ANY,5,1,50,9B111E,1F2933,FFFFFF
725,Vanguard Velocity Works,ANY,5,1,50,0057B8,FF6A00,FFFFFF
726,Vanguard Endurance Team,ANY,5,1,50,9B111E,1F2933,FFFFFF
727,Vanguard Sprint Team,ANY,5,1,50,D4AF37,1F2933,FFFFFF
728,Vanguard Circuit Team,ANY,5,1,50,9B111E,1F2933,FFFFFF
729,Vanguard Development,ANY,5,1,50,009B77,1F2933,FFFFFF
730,Vanguard Motorsport Partners,ANY,5,1,50,0057B8,111111,FFFFFF
731,Vanguard Racing Dynamics,ANY,5,1,50,ED1C24,111111,FFFFFF
732,Vanguard Auto Sport,ANY,5,1,50,FF4FA3,1F2933,FFFFFF
733,Vanguard Race Engineering,ANY,5,1,50,B87333,1F2933,FFFFFF
734,Vanguard Motorsport Crew,ANY,5,1,50,0057B8,111111,FFFFFF
735,Vanguard Performance Works,ANY,5,1,50,D4AF37,1F2933,FFFFFF
736,Vanguard Racing Group,ANY,5,1,50,ED1C24,111111,FFFFFF
737,Vanguard Race Lab,ANY,5,1,50,B87333,1F2933,FFFFFF
738,Vanguard Racing Ventures,ANY,5,1,50,ED1C24,111111,FFFFFF
739,Vanguard Motorsport Holdings,ANY,5,1,50,0057B8,111111,FFFFFF
740,Vanguard Speed Club,ANY,5,1,50,78BE20,1F2933,FFFFFF
741,Heritage Racing,ANY,5,1,50,002D72,B9975B,FFFFFF
742,Heritage Autosport,ANY,5,1,50,002D72,B9975B,FFFFFF
743,Heritage Competition,ANY,5,1,50,002D72,B9975B,FFFFFF
744,Heritage Race Team,ANY,5,1,50,002D72,B9975B,FFFFFF
745,Heritage Speedworks,ANY,5,1,50,002D72,B9975B,FFFFFF
746,Heritage Performance,ANY,5,1,50,002D72,B9975B,FFFFFF
747,Heritage Engineering,ANY,5,1,50,002D72,B9975B,FFFFFF
748,Heritage Motors,ANY,5,1,50,002D72,B9975B,FFFFFF
749,Heritage Works,ANY,5,1,50,002D72,B9975B,FFFFFF
750,Heritage Grand Prix,ANY,5,1,50,002D72,B9975B,FFFFFF
751,Heritage Racing Team,ANY,5,1,50,002D72,B9975B,FFFFFF
752,Heritage Motor Club,ANY,5,1,50,002D72,B9975B,FFFFFF
753,Heritage Competition Group,ANY,5,1,50,002D72,B9975B,FFFFFF
754,Heritage Performance Lab,ANY,5,1,50,002D72,B9975B,FFFFFF
755,Heritage Racecraft,ANY,5,1,50,002D72,B9975B,FFFFFF
756,Heritage Motorsport Group,ANY,5,1,50,002D72,B9975B,FFFFFF
757,Heritage Factory Team,ANY,5,1,50,002D72,B9975B,FFFFFF
758,Heritage Racing Collective,ANY,5,1,50,002D72,B9975B,FFFFFF
759,Heritage Speed Syndicate,ANY,5,1,50,002D72,B9975B,FFFFFF
760,Heritage Motorsport Alliance,ANY,5,1,50,002D72,B9975B,FFFFFF
761,Heritage Racing Stable,ANY,5,1,50,002D72,B9975B,FFFFFF
762,Heritage Race Garage,ANY,5,1,50,002D72,B9975B,FFFFFF
763,Heritage Track Team,ANY,5,1,50,002D72,B9975B,FFFFFF
764,Heritage Velocity Works,ANY,5,1,50,0057B8,FF6A00,FFFFFF
765,Heritage Endurance Team,ANY,5,1,50,002D72,B9975B,FFFFFF
766,Heritage Sprint Team,ANY,5,1,50,002D72,B9975B,FFFFFF
767,Heritage Circuit Team,ANY,5,1,50,002D72,B9975B,FFFFFF
768,Heritage Development,ANY,5,1,50,002D72,B9975B,FFFFFF
769,Heritage Motorsport Partners,ANY,5,1,50,002D72,B9975B,FFFFFF
770,Heritage Racing Dynamics,ANY,5,1,50,002D72,B9975B,FFFFFF
771,Heritage Auto Sport,ANY,5,1,50,002D72,B9975B,FFFFFF
772,Heritage Race Engineering,ANY,5,1,50,002D72,B9975B,FFFFFF
773,Heritage Motorsport Crew,ANY,5,1,50,002D72,B9975B,FFFFFF
774,Heritage Performance Works,ANY,5,1,50,002D72,B9975B,FFFFFF
775,Heritage Racing Group,ANY,5,1,50,002D72,B9975B,FFFFFF
776,Heritage Race Lab,ANY,5,1,50,002D72,B9975B,FFFFFF
777,Heritage Racing Ventures,ANY,5,1,50,002D72,B9975B,FFFFFF
778,Heritage Motorsport Holdings,ANY,5,1,50,002D72,B9975B,FFFFFF
779,Heritage Speed Club,ANY,5,1,50,002D72,B9975B,FFFFFF
780,Thunder Racing,ANY,5,1,50,2D2F7F,FFD100,FFFFFF
781,Thunder Motorsport,ANY,5,1,50,2D2F7F,FFD100,FFFFFF
782,Thunder Autosport,ANY,5,1,50,2D2F7F,FFD100,FFFFFF
783,Thunder Competition,ANY,5,1,50,2D2F7F,FFD100,FFFFFF
784,Thunder Race Team,ANY,5,1,50,2D2F7F,FFD100,FFFFFF
785,Thunder Speedworks,ANY,5,1,50,2D2F7F,FFD100,FFFFFF
786,Thunder Performance,ANY,5,1,50,2D2F7F,FFD100,FFFFFF
787,Thunder Engineering,ANY,5,1,50,2D2F7F,FFD100,FFFFFF
788,Thunder Motors,ANY,5,1,50,2D2F7F,FFD100,FFFFFF
789,Thunder Works,ANY,5,1,50,2D2F7F,FFD100,FFFFFF
790,Thunder Grand Prix,ANY,5,1,50,2D2F7F,FFD100,FFFFFF
791,Thunder Racing Team,ANY,5,1,50,2D2F7F,FFD100,FFFFFF
792,Thunder Motor Club,ANY,5,1,50,2D2F7F,FFD100,FFFFFF
793,Thunder Competition Group,ANY,5,1,50,2D2F7F,FFD100,FFFFFF
794,Thunder Performance Lab,ANY,5,1,50,2D2F7F,FFD100,FFFFFF
795,Thunder Racecraft,ANY,5,1,50,2D2F7F,FFD100,FFFFFF
796,Thunder Motorsport Group,ANY,5,1,50,2D2F7F,FFD100,FFFFFF
797,Thunder Factory Team,ANY,5,1,50,2D2F7F,FFD100,FFFFFF
798,Thunder Racing Collective,ANY,5,1,50,2D2F7F,FFD100,FFFFFF
799,Thunder Speed Syndicate,ANY,5,1,50,2D2F7F,FFD100,FFFFFF
800,Thunder Motorsport Alliance,ANY,5,1,50,2D2F7F,FFD100,FFFFFF
801,Thunder Racing Stable,ANY,5,1,50,2D2F7F,FFD100,FFFFFF
802,Thunder Race Garage,ANY,5,1,50,2D2F7F,FFD100,FFFFFF
803,Thunder Track Team,ANY,5,1,50,2D2F7F,FFD100,FFFFFF
804,Thunder Velocity Works,ANY,5,1,50,2D2F7F,FFD100,FFFFFF
805,Thunder Endurance Team,ANY,5,1,50,2D2F7F,FFD100,FFFFFF
806,Thunder Sprint Team,ANY,5,1,50,2D2F7F,FFD100,FFFFFF
807,Thunder Circuit Team,ANY,5,1,50,2D2F7F,FFD100,FFFFFF
808,Thunder Development,ANY,5,1,50,2D2F7F,FFD100,FFFFFF
809,Thunder Motorsport Partners,ANY,5,1,50,2D2F7F,FFD100,FFFFFF
810,Thunder Racing Dynamics,ANY,5,1,50,2D2F7F,FFD100,FFFFFF
811,Thunder Auto Sport,ANY,5,1,50,2D2F7F,FFD100,FFFFFF
812,Thunder Race Engineering,ANY,5,1,50,2D2F7F,FFD100,FFFFFF
813,Thunder Motorsport Crew,ANY,5,1,50,2D2F7F,FFD100,FFFFFF
814,Thunder Performance Works,ANY,5,1,50,2D2F7F,FFD100,FFFFFF
815,Thunder Racing Group,ANY,5,1,50,2D2F7F,FFD100,FFFFFF
816,Thunder Race Lab,ANY,5,1,50,2D2F7F,FFD100,FFFFFF
817,Thunder Racing Ventures,ANY,5,1,50,2D2F7F,FFD100,FFFFFF
818,Thunder Motorsport Holdings,ANY,5,1,50,2D2F7F,FFD100,FFFFFF
819,Thunder Speed Club,ANY,5,1,50,2D2F7F,FFD100,FFFFFF
820,Falcon Racing,ANY,5,1,50,003DA5,C0C0C0,FFFFFF
821,Falcon Motorsport,ANY,5,1,50,003DA5,C0C0C0,FFFFFF
822,Falcon Autosport,ANY,5,1,50,003DA5,C0C0C0,FFFFFF
823,Falcon Competition,ANY,5,1,50,003DA5,C0C0C0,FFFFFF
824,Falcon Race Team,ANY,5,1,50,003DA5,C0C0C0,FFFFFF
825,Falcon Speedworks,ANY,5,1,50,003DA5,C0C0C0,FFFFFF
826,Falcon Performance,ANY,5,1,50,003DA5,C0C0C0,FFFFFF
827,Falcon Engineering,ANY,5,1,50,003DA5,C0C0C0,FFFFFF
828,Falcon Motors,ANY,5,1,50,003DA5,C0C0C0,FFFFFF
829,Falcon Works,ANY,5,1,50,003DA5,C0C0C0,FFFFFF
830,Falcon Grand Prix,ANY,5,1,50,003DA5,C0C0C0,FFFFFF
831,Falcon Racing Team,ANY,5,1,50,003DA5,C0C0C0,FFFFFF
832,Falcon Motor Club,ANY,5,1,50,003DA5,C0C0C0,FFFFFF
833,Falcon Competition Group,ANY,5,1,50,003DA5,C0C0C0,FFFFFF
834,Falcon Performance Lab,ANY,5,1,50,003DA5,C0C0C0,FFFFFF
835,Falcon Racecraft,ANY,5,1,50,003DA5,C0C0C0,FFFFFF
836,Falcon Motorsport Group,ANY,5,1,50,003DA5,C0C0C0,FFFFFF
837,Falcon Factory Team,ANY,5,1,50,003DA5,C0C0C0,FFFFFF
838,Falcon Racing Collective,ANY,5,1,50,003DA5,C0C0C0,FFFFFF
839,Falcon Speed Syndicate,ANY,5,1,50,003DA5,C0C0C0,FFFFFF
840,Falcon Motorsport Alliance,ANY,5,1,50,003DA5,C0C0C0,FFFFFF
841,Falcon Racing Stable,ANY,5,1,50,003DA5,C0C0C0,FFFFFF
842,Falcon Race Garage,ANY,5,1,50,003DA5,C0C0C0,FFFFFF
843,Falcon Track Team,ANY,5,1,50,003DA5,C0C0C0,FFFFFF
844,Falcon Velocity Works,ANY,5,1,50,0057B8,FF6A00,FFFFFF
845,Falcon Endurance Team,ANY,5,1,50,003DA5,C0C0C0,FFFFFF
846,Falcon Sprint Team,ANY,5,1,50,003DA5,C0C0C0,FFFFFF
847,Falcon Circuit Team,ANY,5,1,50,003DA5,C0C0C0,FFFFFF
848,Falcon Development,ANY,5,1,50,003DA5,C0C0C0,FFFFFF
849,Falcon Motorsport Partners,ANY,5,1,50,003DA5,C0C0C0,FFFFFF
850,Falcon Racing Dynamics,ANY,5,1,50,003DA5,C0C0C0,FFFFFF
851,Falcon Auto Sport,ANY,5,1,50,003DA5,C0C0C0,FFFFFF
852,Falcon Race Engineering,ANY,5,1,50,003DA5,C0C0C0,FFFFFF
853,Falcon Motorsport Crew,ANY,5,1,50,003DA5,C0C0C0,FFFFFF
854,Falcon Performance Works,ANY,5,1,50,003DA5,C0C0C0,FFFFFF
855,Falcon Racing Group,ANY,5,1,50,003DA5,C0C0C0,FFFFFF
856,Falcon Race Lab,ANY,5,1,50,003DA5,C0C0C0,FFFFFF
857,Falcon Racing Ventures,ANY,5,1,50,003DA5,C0C0C0,FFFFFF
858,Falcon Motorsport Holdings,ANY,5,1,50,003DA5,C0C0C0,FFFFFF
859,Falcon Speed Club,ANY,5,1,50,003DA5,C0C0C0,FFFFFF
860,Eclipse Racing,ANY,5,1,50,111111,6D6E71,FFD100
861,Eclipse Motorsport,ANY,5,1,50,111111,6D6E71,FFD100
862,Eclipse Autosport,ANY,5,1,50,111111,6D6E71,FFD100
863,Eclipse Competition,ANY,5,1,50,111111,6D6E71,FFD100
864,Eclipse Race Team,ANY,5,1,50,111111,6D6E71,FFD100
865,Eclipse Speedworks,ANY,5,1,50,111111,6D6E71,FFD100
866,Eclipse Engineering,ANY,5,1,50,111111,6D6E71,FFD100
867,Eclipse Motors,ANY,5,1,50,111111,6D6E71,FFD100
868,Eclipse Works,ANY,5,1,50,111111,6D6E71,FFD100
869,Eclipse Grand Prix,ANY,5,1,50,111111,6D6E71,FFD100
870,Eclipse Racing Team,ANY,5,1,50,111111,6D6E71,FFD100
871,Eclipse Motor Club,ANY,5,1,50,111111,6D6E71,FFD100
872,Eclipse Competition Group,ANY,5,1,50,111111,6D6E71,FFD100
873,Eclipse Performance Lab,ANY,5,1,50,111111,6D6E71,FFD100
874,Eclipse Racecraft,ANY,5,1,50,111111,6D6E71,FFD100
875,Eclipse Motorsport Group,ANY,5,1,50,111111,6D6E71,FFD100
876,Eclipse Factory Team,ANY,5,1,50,111111,6D6E71,FFD100
877,Eclipse Racing Collective,ANY,5,1,50,111111,6D6E71,FFD100
878,Eclipse Speed Syndicate,ANY,5,1,50,111111,6D6E71,FFD100
879,Eclipse Motorsport Alliance,ANY,5,1,50,111111,6D6E71,FFD100
880,Eclipse Racing Stable,ANY,5,1,50,111111,6D6E71,FFD100
881,Eclipse Race Garage,ANY,5,1,50,111111,6D6E71,FFD100
882,Eclipse Track Team,ANY,5,1,50,111111,6D6E71,FFD100
883,Eclipse Velocity Works,ANY,5,1,50,111111,6D6E71,FFD100
884,Eclipse Endurance Team,ANY,5,1,50,111111,6D6E71,FFD100
885,Eclipse Sprint Team,ANY,5,1,50,111111,6D6E71,FFD100
886,Eclipse Circuit Team,ANY,5,1,50,111111,6D6E71,FFD100
887,Eclipse Development,ANY,5,1,50,111111,6D6E71,FFD100
888,Eclipse Motorsport Partners,ANY,5,1,50,111111,6D6E71,FFD100
889,Eclipse Racing Dynamics,ANY,5,1,50,111111,6D6E71,FFD100
890,Eclipse Auto Sport,ANY,5,1,50,111111,6D6E71,FFD100
891,Eclipse Race Engineering,ANY,5,1,50,111111,6D6E71,FFD100
892,Eclipse Motorsport Crew,ANY,5,1,50,111111,6D6E71,FFD100
893,Eclipse Performance Works,ANY,5,1,50,111111,6D6E71,FFD100
894,Eclipse Racing Group,ANY,5,1,50,111111,6D6E71,FFD100
895,Eclipse Race Lab,ANY,5,1,50,111111,6D6E71,FFD100
896,Eclipse Racing Ventures,ANY,5,1,50,111111,6D6E71,FFD100
897,Eclipse Motorsport Holdings,ANY,5,1,50,111111,6D6E71,FFD100
898,Eclipse Speed Club,ANY,5,1,50,111111,6D6E71,FFD100
899,Momentum Racing,ANY,5,1,50,ED1C24,111111,FFFFFF
900,Momentum Motorsport,ANY,5,1,50,0057B8,111111,FFFFFF
901,Momentum Autosport,ANY,5,1,50,0057B8,C0C0C0,FFFFFF
902,Momentum Competition,ANY,5,1,50,2D2F7F,1F2933,FFFFFF
903,Momentum Race Team,ANY,5,1,50,ED1C24,1F2933,FFFFFF
904,Momentum Speedworks,ANY,5,1,50,00AEEF,1F2933,FFFFFF
905,Momentum Performance,ANY,5,1,50,B87333,1F2933,FFFFFF
906,Momentum Engineering,ANY,5,1,50,00AEEF,1F2933,FFFFFF
907,Momentum Motors,ANY,5,1,50,0057B8,1F2933,FFFFFF
908,Momentum Works,ANY,5,1,50,78BE20,1F2933,FFFFFF
909,Momentum Grand Prix,ANY,5,1,50,ED1C24,1F2933,FFFFFF
910,Momentum Racing Team,ANY,5,1,50,ED1C24,111111,FFFFFF
911,Momentum Motor Club,ANY,5,1,50,6F2DA8,1F2933,FFFFFF
912,Momentum Competition Group,ANY,5,1,50,FF6A00,1F2933,FFFFFF
913,Momentum Performance Lab,ANY,5,1,50,00AEEF,1F2933,FFFFFF
914,Momentum Racecraft,ANY,5,1,50,ED1C24,1F2933,FFFFFF
915,Momentum Motorsport Group,ANY,5,1,50,0057B8,111111,FFFFFF
916,Momentum Factory Team,ANY,5,1,50,D4AF37,1F2933,FFFFFF
917,Momentum Racing Collective,ANY,5,1,50,ED1C24,111111,FFFFFF
918,Momentum Speed Syndicate,ANY,5,1,50,D4AF37,1F2933,FFFFFF
919,Momentum Motorsport Alliance,ANY,5,1,50,0057B8,111111,FFFFFF
920,Momentum Racing Stable,ANY,5,1,50,ED1C24,111111,FFFFFF
921,Momentum Race Garage,ANY,5,1,50,ED1C24,1F2933,FFFFFF
922,Momentum Track Team,ANY,5,1,50,FF4FA3,1F2933,FFFFFF
923,Momentum Velocity Works,ANY,5,1,50,0057B8,FF6A00,FFFFFF
924,Momentum Endurance Team,ANY,5,1,50,6F2DA8,1F2933,FFFFFF
925,Momentum Sprint Team,ANY,5,1,50,6F2DA8,1F2933,FFFFFF
926,Momentum Circuit Team,ANY,5,1,50,FF4FA3,1F2933,FFFFFF
927,Momentum Development,ANY,5,1,50,FF6A00,1F2933,FFFFFF
928,Momentum Motorsport Partners,ANY,5,1,50,0057B8,111111,FFFFFF
929,Momentum Racing Dynamics,ANY,5,1,50,ED1C24,111111,FFFFFF
930,Momentum Auto Sport,ANY,5,1,50,6F2DA8,1F2933,FFFFFF
931,Momentum Race Engineering,ANY,5,1,50,2D2F7F,1F2933,FFFFFF
932,Momentum Motorsport Crew,ANY,5,1,50,0057B8,111111,FFFFFF
933,Momentum Performance Works,ANY,5,1,50,78BE20,1F2933,FFFFFF
934,Momentum Racing Group,ANY,5,1,50,ED1C24,111111,FFFFFF
935,Momentum Race Lab,ANY,5,1,50,2D2F7F,1F2933,FFFFFF
936,Momentum Racing Ventures,ANY,5,1,50,ED1C24,111111,FFFFFF
937,Momentum Motorsport Holdings,ANY,5,1,50,0057B8,111111,FFFFFF
938,Momentum Speed Club,ANY,5,1,50,B87333,1F2933,FFFFFF
939,Frontier Racing,ANY,5,1,50,ED1C24,111111,FFFFFF
940,Frontier Motorsport,ANY,5,1,50,0057B8,111111,FFFFFF
941,Frontier Autosport,ANY,5,1,50,0057B8,C0C0C0,FFFFFF
942,Frontier Competition,ANY,5,1,50,00AEEF,1F2933,FFFFFF
943,Frontier Race Team,ANY,5,1,50,B87333,1F2933,FFFFFF
944,Frontier Speedworks,ANY,5,1,50,009B77,1F2933,FFFFFF
945,Frontier Performance,ANY,5,1,50,6F2DA8,1F2933,FFFFFF
946,Frontier Engineering,ANY,5,1,50,78BE20,1F2933,FFFFFF
947,Frontier Motors,ANY,5,1,50,9B111E,1F2933,FFFFFF
948,Frontier Works,ANY,5,1,50,0057B8,1F2933,FFFFFF
949,Frontier Grand Prix,ANY,5,1,50,00AEEF,1F2933,FFFFFF
950,Frontier Racing Team,ANY,5,1,50,ED1C24,111111,FFFFFF
951,Frontier Motor Club,ANY,5,1,50,9B111E,1F2933,FFFFFF
952,Frontier Competition Group,ANY,5,1,50,0057B8,1F2933,FFFFFF
953,Frontier Performance Lab,ANY,5,1,50,B87333,1F2933,FFFFFF
954,Frontier Racecraft,ANY,5,1,50,6F2DA8,1F2933,FFFFFF
955,Frontier Motorsport Group,ANY,5,1,50,0057B8,111111,FFFFFF
956,Frontier Factory Team,ANY,5,1,50,009B77,1F2933,FFFFFF
957,Frontier Racing Collective,ANY,5,1,50,ED1C24,111111,FFFFFF
958,Frontier Speed Syndicate,ANY,5,1,50,00AEEF,1F2933,FFFFFF
959,Frontier Motorsport Alliance,ANY,5,1,50,0057B8,111111,FFFFFF
960,Frontier Racing Stable,ANY,5,1,50,ED1C24,111111,FFFFFF
961,Frontier Race Garage,ANY,5,1,50,78BE20,1F2933,FFFFFF
962,Frontier Track Team,ANY,5,1,50,9B111E,1F2933,FFFFFF
963,Frontier Velocity Works,ANY,5,1,50,0057B8,FF6A00,FFFFFF
964,Frontier Endurance Team,ANY,5,1,50,9B111E,1F2933,FFFFFF
965,Frontier Sprint Team,ANY,5,1,50,6F2DA8,1F2933,FFFFFF
966,Frontier Circuit Team,ANY,5,1,50,2D2F7F,1F2933,FFFFFF
967,Frontier Development,ANY,5,1,50,D4AF37,1F2933,FFFFFF
968,Frontier Motorsport Partners,ANY,5,1,50,0057B8,111111,FFFFFF
969,Frontier Racing Dynamics,ANY,5,1,50,ED1C24,111111,FFFFFF
970,Frontier Auto Sport,ANY,5,1,50,6F2DA8,1F2933,FFFFFF
971,Frontier Race Engineering,ANY,5,1,50,FF4FA3,1F2933,FFFFFF
972,Frontier Motorsport Crew,ANY,5,1,50,0057B8,111111,FFFFFF
973,Frontier Performance Works,ANY,5,1,50,D4AF37,1F2933,FFFFFF
974,Frontier Racing Group,ANY,5,1,50,ED1C24,111111,FFFFFF
975,Frontier Race Lab,ANY,5,1,50,0057B8,1F2933,FFFFFF
976,Frontier Racing Ventures,ANY,5,1,50,ED1C24,111111,FFFFFF
977,Frontier Motorsport Holdings,ANY,5,1,50,0057B8,111111,FFFFFF
978,Frontier Speed Club,ANY,5,1,50,0057B8,1F2933,FFFFFF
979,Liberty Racing,ANY,5,1,50,ED1C24,111111,FFFFFF
980,Liberty Motorsport,ANY,5,1,50,0057B8,111111,FFFFFF
981,Liberty Autosport,ANY,5,1,50,0057B8,C0C0C0,FFFFFF
982,Liberty Competition,ANY,5,1,50,009B77,1F2933,FFFFFF
983,Liberty Race Team,ANY,5,1,50,B87333,1F2933,FFFFFF
984,Liberty Speedworks,ANY,5,1,50,ED1C24,1F2933,FFFFFF
985,Liberty Performance,ANY,5,1,50,9B111E,1F2933,FFFFFF
986,Liberty Engineering,ANY,5,1,50,ED1C24,1F2933,FFFFFF
987,Liberty Motors,ANY,5,1,50,2D2F7F,1F2933,FFFFFF
988,Liberty Works,ANY,5,1,50,2D2F7F,1F2933,FFFFFF
989,Liberty Grand Prix,ANY,5,1,50,D4AF37,1F2933,FFFFFF
990,Liberty Racing Team,ANY,5,1,50,ED1C24,111111,FFFFFF
991,Liberty Motor Club,ANY,5,1,50,D4AF37,1F2933,FFFFFF
992,Liberty Competition Group,ANY,5,1,50,D4AF37,1F2933,FFFFFF
993,Liberty Performance Lab,ANY,5,1,50,9B111E,1F2933,FFFFFF
994,Liberty Racecraft,ANY,5,1,50,6F2DA8,1F2933,FFFFFF
995,Liberty Motorsport Group,ANY,5,1,50,0057B8,111111,FFFFFF
996,Liberty Factory Team,ANY,5,1,50,D4AF37,1F2933,FFFFFF
997,Liberty Racing Collective,ANY,5,1,50,ED1C24,111111,FFFFFF
998,Liberty Speed Syndicate,ANY,5,1,50,0057B8,1F2933,FFFFFF
999,Liberty Motorsport Alliance,ANY,5,1,50,0057B8,111111,FFFFFF
1000,Liberty Racing Stable,ANY,5,1,50,ED1C24,111111,FFFFFF
1001,Liberty Race Garage,ANY,5,1,50,009B77,1F2933,FFFFFF
1002,Liberty Track Team,ANY,5,1,50,2D2F7F,1F2933,FFFFFF
1003,Liberty Velocity Works,ANY,5,1,50,0057B8,FF6A00,FFFFFF
1004,Liberty Endurance Team,ANY,5,1,50,D4AF37,1F2933,FFFFFF
1005,Liberty Sprint Team,ANY,5,1,50,ED1C24,1F2933,FFFFFF
1006,Liberty Circuit Team,ANY,5,1,50,00AEEF,1F2933,FFFFFF
1007,Liberty Development,ANY,5,1,50,9B111E,1F2933,FFFFFF
1008,Liberty Motorsport Partners,ANY,5,1,50,0057B8,111111,FFFFFF
1009,Liberty Racing Dynamics,ANY,5,1,50,ED1C24,111111,FFFFFF
1010,Liberty Auto Sport,ANY,5,1,50,FF6A00,1F2933,FFFFFF
1011,Liberty Race Engineering,ANY,5,1,50,FF4FA3,1F2933,FFFFFF
1012,Liberty Motorsport Crew,ANY,5,1,50,0057B8,111111,FFFFFF
1013,Liberty Performance Works,ANY,5,1,50,9B111E,1F2933,FFFFFF
1014,Liberty Racing Group,ANY,5,1,50,ED1C24,111111,FFFFFF
1015,Liberty Race Lab,ANY,5,1,50,2D2F7F,1F2933,FFFFFF
1016,Liberty Racing Ventures,ANY,5,1,50,ED1C24,111111,FFFFFF
1017,Liberty Motorsport Holdings,ANY,5,1,50,0057B8,111111,FFFFFF
1018,Liberty Speed Club,ANY,5,1,50,2D2F7F,1F2933,FFFFFF
1019,Union Racing,ANY,5,1,50,ED1C24,111111,FFFFFF
1020,Union Motorsport,ANY,5,1,50,0057B8,111111,FFFFFF
1021,Union Autosport,ANY,5,1,50,0057B8,C0C0C0,FFFFFF
1022,Union Competition,ANY,5,1,50,2D2F7F,1F2933,FFFFFF
1023,Union Race Team,ANY,5,1,50,009B77,1F2933,FFFFFF
1024,Union Speedworks,ANY,5,1,50,9B111E,1F2933,FFFFFF
1025,Union Performance,ANY,5,1,50,2D2F7F,1F2933,FFFFFF
1026,Union Engineering,ANY,5,1,50,00AEEF,1F2933,FFFFFF
1027,Union Motors,ANY,5,1,50,9B111E,1F2933,FFFFFF
1028,Union Works,ANY,5,1,50,0057B8,1F2933,FFFFFF
1029,Union Grand Prix,ANY,5,1,50,78BE20,1F2933,FFFFFF
1030,Union Racing Team,ANY,5,1,50,ED1C24,111111,FFFFFF
1031,Union Motor Club,ANY,5,1,50,FF4FA3,1F2933,FFFFFF
1032,Union Competition Group,ANY,5,1,50,78BE20,1F2933,FFFFFF
1033,Union Performance Lab,ANY,5,1,50,78BE20,1F2933,FFFFFF
1034,Union Racecraft,ANY,5,1,50,B87333,1F2933,FFFFFF
1035,Union Motorsport Group,ANY,5,1,50,0057B8,111111,FFFFFF
1036,Union Factory Team,ANY,5,1,50,D4AF37,1F2933,FFFFFF
1037,Union Racing Collective,ANY,5,1,50,ED1C24,111111,FFFFFF
1038,Union Speed Syndicate,ANY,5,1,50,D4AF37,1F2933,FFFFFF
1039,Union Motorsport Alliance,ANY,5,1,50,0057B8,111111,FFFFFF
1040,Union Racing Stable,ANY,5,1,50,ED1C24,111111,FFFFFF
1041,Union Race Garage,ANY,5,1,50,D4AF37,1F2933,FFFFFF
1042,Union Track Team,ANY,5,1,50,FF6A00,1F2933,FFFFFF
1043,Union Velocity Works,ANY,5,1,50,0057B8,FF6A00,FFFFFF
1044,Union Endurance Team,ANY,5,1,50,B87333,1F2933,FFFFFF
1045,Union Sprint Team,ANY,5,1,50,2D2F7F,1F2933,FFFFFF
1046,Union Circuit Team,ANY,5,1,50,FF6A00,1F2933,FFFFFF
1047,Union Development,ANY,5,1,50,B87333,1F2933,FFFFFF
1048,Union Motorsport Partners,ANY,5,1,50,0057B8,111111,FFFFFF
1049,Union Racing Dynamics,ANY,5,1,50,ED1C24,111111,FFFFFF
1050,Union Auto Sport,ANY,5,1,50,ED1C24,1F2933,FFFFFF
1051,Union Race Engineering,ANY,5,1,50,0057B8,1F2933,FFFFFF
1052,Union Motorsport Crew,ANY,5,1,50,0057B8,111111,FFFFFF
1053,Union Performance Works,ANY,5,1,50,FF4FA3,1F2933,FFFFFF
1054,Union Racing Group,ANY,5,1,50,ED1C24,111111,FFFFFF
1055,Union Race Lab,ANY,5,1,50,78BE20,1F2933,FFFFFF
1056,Union Racing Ventures,ANY,5,1,50,ED1C24,111111,FFFFFF
1057,Union Motorsport Holdings,ANY,5,1,50,0057B8,111111,FFFFFF
1058,Union Speed Club,ANY,5,1,50,9B111E,1F2933,FFFFFF
1059,Crescent Racing,ANY,5,1,50,ED1C24,111111,FFFFFF
1060,Crescent Motorsport,ANY,5,1,50,0057B8,111111,FFFFFF
1061,Crescent Autosport,ANY,5,1,50,0057B8,C0C0C0,FFFFFF
1062,Crescent Competition,ANY,5,1,50,9B111E,1F2933,FFFFFF
1063,Crescent Race Team,ANY,5,1,50,00AEEF,1F2933,FFFFFF
1064,Crescent Speedworks,ANY,5,1,50,9B111E,1F2933,FFFFFF
1065,Crescent Performance,ANY,5,1,50,2D2F7F,1F2933,FFFFFF
1066,Crescent Engineering,ANY,5,1,50,2D2F7F,1F2933,FFFFFF
1067,Bertcules Dynamics,ANY,5,1,50,2D2F7F,1F2933,FFFFFF
1068,Racin Mason Motorsports,ANY,5,1,50,0057B8,111111,FFFFFF
1069,Garage 69 Racing,ANY,5,1,50,ED1C24,111111,FFFFFF
1070,Everlee Energy,ANY,5,1,50,D4AF37,1F2933,FFFFFF
1071,Holly Racing,ANY,5,1,50,ED1C24,111111,FFFFFF