ID,Country,Track,Layout,Garages,DLC,My_Tiers,Game,Style,Owned,Iracing_ID
1,USA,[Legacy] Phoenix Raceway - 2008,[Legacy] Phoenix Raceway - 2008 - Road Course,,,,Iracing,Road,Yes,
2,USA,[Legacy] Phoenix Raceway - 2008,[Legacy] Phoenix Raceway - 2008 - Oval,,,,Iracing,Oval,Yes,
3,USA,[Legacy] Pocono Raceway - 2009,[Legacy] Pocono Raceway - 2009 - East,,,,Iracing,Road,No,
4,USA,[Legacy] Pocono Raceway - 2009,[Legacy] Pocono Raceway - 2009 - North,,,,Iracing,Road,No,
5,USA,[Legacy] Pocono Raceway - 2009,[Legacy] Pocono Raceway - 2009 - South,,,,Iracing,Road,No,
6,USA,[Legacy] Pocono Raceway - 2009,[Legacy] Pocono Raceway - 2009 - International,,,,Iracing,Road,No,
7,USA,[Legacy] Pocono Raceway - 2009,[Legacy] Pocono Raceway - 2009 - Oval,,,,Iracing,Oval,No,
8,Australia,Adelaide,Adelaide Street Circuit,60,,3.4,Iracing,Road,No,580
9,Portugal,Algarve International Circuit,Algarve International Circuit - Grand Prix,60,,3.4.5,Iracing,Road,No,509
10,Portugal,Algarve International Circuit,Algarve International Circuit - Grand Prix - Chicanes,60,,3.4.5,Iracing,Road,No,510
11,Portugal,Algarve International Circuit,Algarve International Circuit - Moto,60,,3.4.5,Iracing,Road,No,511
12,Portugal,Algarve International Circuit,Algarve International Circuit - Moto - Chicanes,60,,3.4.5,Iracing,Road,No,512
13,USA,Auto Club Speedway,Auto Club Speedway - Interior,,,,Iracing,Road,No,
14,USA,Auto Club Speedway,Auto Club Speedway - Competition,,,,Iracing,Road,No,
15,USA,Auto Club Speedway,Auto Club Speedway - Moto,,,,Iracing,Road,No,
16,USA,Auto Club Speedway,Auto Club Speedway - Oval,60,,3.4.5,Iracing,Oval,No,225
17,Mexico,Autódromo Hermanos Rodríguez (Mexico City),Autódromo Hermanos Rodríguez (Mexico City) - Oval Stadium,60,,1.2,Iracing,Oval,No,578
18,Mexico,Autódromo Hermanos Rodríguez (Mexico City),Autódromo Hermanos Rodríguez (Mexico City) - EV Circuit,60,,2.3,Iracing,Road,No,576
19,Mexico,Autódromo Hermanos Rodríguez (Mexico City),Autódromo Hermanos Rodríguez (Mexico City) - Oval,60,,2.3,Iracing,Oval,No,577
20,Mexico,Autódromo Hermanos Rodríguez (Mexico City),Autódromo Hermanos Rodríguez (Mexico City) - Grand Prix Historic,60,,3.4,Iracing,Road,No,573
21,Mexico,Autódromo Hermanos Rodríguez (Mexico City),Autódromo Hermanos Rodríguez (Mexico City) - National,60,,3.4,Iracing,Road,No,574
22,Mexico,Autódromo Hermanos Rodríguez (Mexico City),Autódromo Hermanos Rodríguez (Mexico City) - National Historic,60,,3.4,Iracing,Road,No,575
23,Mexico,Autódromo Hermanos Rodríguez (Mexico City),Autódromo Hermanos Rodríguez (Mexico City) - Grand Prix,60,,3.4.5,Iracing,Road,No,572
24,Italy,Autodromo Internazionale del Mugello,Autodromo Internazionale del Mugello - Grand Prix,60,,3.4.5,Iracing,Road,No,498
25,Italy,Autodromo Internazionale del Mugello,Autodromo Internazionale del Mugello - Short,60,,1.2,Iracing,Road,No,499
26,Italy,Autodromo Internazionale Enzo e Dino Ferrari,Autodromo Internazionale Enzo e Dino Ferrari - Moto,39,,3.4,Iracing,Road,No,267
27,Italy,Autodromo Internazionale Enzo e Dino Ferrari,Autodromo Internazionale Enzo e Dino Ferrari - Grand Prix,61,,3.4.5,Iracing,Road,No,266
28,Brazil,Autódromo José Carlos Pace,Autódromo José Carlos Pace - Moto,61,,3.4,Iracing,Road,No,213
29,Brazil,Autódromo José Carlos Pace,Autódromo José Carlos Pace - Grand Prix,61,,3.4.5,Iracing,Road,No,212
30,Italy,Autodromo Nazionale Monza,Autodromo Nazionale Monza - Junior,61,,1.2,Iracing,Road,No,241
31,Italy,Autodromo Nazionale Monza,Autodromo Nazionale Monza - GP without chicanes,61,,3.4,Iracing,Road,No,242
32,Italy,Autodromo Nazionale Monza,Autodromo Nazionale Monza - GP without first chicane,61,,3.4,Iracing,Road,No,244
33,Italy,Autodromo Nazionale Monza,Autodromo Nazionale Monza - Combined,,,,Iracing,Road,No,
34,Italy,Autodromo Nazionale Monza,Autodromo Nazionale Monza - Combined without chicanes,,,,Iracing,Road,No,
35,Italy,Autodromo Nazionale Monza,Autodromo Nazionale Monza - Combined without first chicane,,,,Iracing,Road,No,
36,Italy,Autodromo Nazionale Monza,Autodromo Nazionale Monza - Grand Prix,61,,3.4.5,Iracing,Road,No,239
37,Italy,Autodromo Nazionale Monza,Autodromo Nazionale Monza - Oval - Left turning,,,,Iracing,Oval,No,
38,Italy,Autodromo Nazionale Monza,Autodromo Nazionale Monza - Oval - Right turning,,,,Iracing,Oval,No,
39,USA,Barber Motorsports Park,Barber Motorsports Park - Full Course,60,,3.4.5,Iracing,Road,No,585
40,USA,Barber Motorsports Park,Barber Motorsports Park - Short A,,,,Iracing,,No,
41,USA,Barber Motorsports Park,Barber Motorsports Park - Short B,,,,Iracing,,No,
42,USA,Bark River,Bark River International Raceway,,,,Iracing,Road,No,
43,United Kingdom,Brands Hatch Circuit,Brands Hatch Circuit - Grand Prix,61,,1.2.3,Iracing,Road,No,145
44,United Kingdom,Brands Hatch Circuit,Brands Hatch Circuit - Indy,61,,1.2,Iracing,Road,No,146
45,United Kingdom,Brands Hatch Circuit,Brands Hatch Circuit - Rallycross,61,,1.2.3.4.5,Iracing,Rallycross,No,
46,USA,Bristol Motor Speedway,Bristol Motor Speedway - Dual Pit Roads,60,,1.2.3.4.5,Iracing,Oval,No,101
47,USA,Bristol Motor Speedway,Bristol Motor Speedway - Single Pit Road,60,,1.2.3.4.5,Iracing,Oval,No,365
48,USA,Bristol Motor Speedway,Bristol Motor Speedway - Dirt,,,1.2.3.4.5,Iracing,Dirt Oval,No,
49,USA,Bristol Motor Speedway,Bristol Motor Speedway - Dirt - 2021,,,,Iracing,Dirt Oval,No,
50,United Kingdom,Cadwell Park Circuit,Cadwell Park Circuit - Full,60,,1.2.3,Iracing,Road,No,527
51,United Kingdom,Cadwell Park Circuit,Cadwell Park Circuit - Club,60,,1.2,Iracing,Road,No,528
52,United Kingdom,Cadwell Park Circuit,Cadwell Park Circuit - Moto,60,,1.2.3,Iracing,Road,No,529
53,United Kingdom,Cadwell Park Circuit,Cadwell Park Circuit - Woodlands,60,,1.2,Iracing,Road,No,530
54,Canada,Canadian Tire Motorsports Park,Canadian Tire Motorsports Park,61,,2.3.4,Iracing,Road,No,144
55,United States,Cedar Lake Speedway,Cedar Lake Speedway,,,1.2.3.4.5,Iracing,Dirt Oval,No,
56,United States,Centripetal Circuit,Centripetal Circuit,,,,Iracing,,Yes,
57,United States,Charlotte Motor Speedway,Charlotte Motor Speedway - Legends Oval,60,,1,Iracing,Oval,Yes,557
58,United States,Charlotte Motor Speedway,Charlotte Motor Speedway - Legends RC Oval Medium,,,,Iracing,Oval,Yes,
59,United States,Charlotte Motor Speedway,Charlotte Motor Speedway - Legends RC Oval Short,,,,Iracing,Oval,Yes,
60,United States,Charlotte Motor Speedway,Charlotte Motor Speedway - Legends RC Oval Long,,,,Iracing,Oval,Yes,
61,United States,Charlotte Motor Speedway,Charlotte Motor Speedway - Oval - 2018,,,,Iracing,Oval,Yes,
62,United States,Charlotte Motor Speedway,Charlotte Motor Speedway - Rallycross,60,,1.2.3.4.5,Iracing,Rallycross,Yes,558
63,United States,Charlotte Motor Speedway,Charlotte Motor Speedway - Roval,60,,2.3.4.5,Iracing,Road,Yes,554
64,United States,Charlotte Motor Speedway,Charlotte Motor Speedway - No Chicanes,60,,2.3.4.5,Iracing,Road,Yes,555
65,United States,Charlotte Motor Speedway,Charlotte Motor Speedway - Roval - 2019,60,,2.3.4.5,Iracing,Road,Yes,553
66,United States,Chicago Street Course,Chicago Street Course - 2023 Cup,40,,2.3.4.5,Iracing,Road,No,483
67,United States,Chicago Street Course,Chicago Street Course - Prototype,,,,Iracing,,No,405
68,United States,Chicagoland Speedway,Chicagoland Speedway,60,,3.4.5,Iracing,Oval,No,123
69,United States,Chili Bowl,Chili Bowl,,,1.2.3,Iracing,Dirt Oval,No,
70,Spain,Circuit de Barcelona Catalunya,Circuit de Barcelona-Catalunya - Club,60,,1.2,Iracing,Road,No,347
71,Spain,Circuit de Barcelona Catalunya,Circuit de Barcelona-Catalunya - Grand Prix,60,,3.4,Iracing,Road,No,345
72,Spain,Circuit de Barcelona Catalunya,Circuit de Barcelona-Catalunya - Moto,60,,3.4,Iracing,Road,No,348
73,Spain,Circuit de Barcelona Catalunya,Circuit de Barcelona-Catalunya - Rallycross,,,1.2.3.4.5,Iracing,Rally,No,
74,Spain,Circuit de Barcelona Catalunya,Circuit de Barcelona-Catalunya - National,60,,2.3.4,Iracing,Road,No,346
75,Spain,Circuit de Barcelona Catalunya,Circuit de Barcelona-Catalunya - Historic,60,,3.4.5,Iracing,Road,No,349
76,France,Circuit de Lédenon,Circuit de Lédenon,60,,1.2,Iracing,Road,Yes,489
77,France,Circuit de Nevers Magny-Cours,Circuit de Nevers Magny-Cours - Grand Prix,60,,2.3.4,Iracing,Road,No,463
78,Belgium,Circuit de Spa-Francorchamps,Circuit de Spa-Francorchamps - Classic Pits,60,,3.4,Iracing,Road,No,524
79,Belgium,Circuit de Spa-Francorchamps,Circuit de Spa-Francorchamps - Bike,60,,3.4,Iracing,Road,No,526
80,Belgium,Circuit de Spa-Francorchamps,Circuit de Spa-Francorchamps - Grand Prix Pits,60,,3.4.5,Iracing,Road,No,523
81,Belgium,Circuit de Spa-Francorchamps,Circuit de Spa-Francorchamps - Endurance,60,,3.4.5,Iracing,Road,No,525
82,Belgium,Circuit de Spa-Francorchamps,Circuit de Spa-Francorchamps - Grand Prix Pits - 2010,,,,Iracing,,No,163
83,Belgium,Circuit de Spa-Francorchamps,Circuit de Spa-Francorchamps - Classic Pits - 2010,,,,Iracing,,No,164
84,Belgium,Circuit de Spa-Francorchamps,Circuit de Spa-Francorchamps - Endurance - 2010,,,,Iracing,,No,165
85,France,Circuit des 24 Heures du Mans,Circuit des 24 Heures du Mans - 24 Heures du Man,61,,3.4.5,Iracing,Road,No,268
86,France,Circuit des 24 Heures du Mans,Circuit des 24 Heures du Mans - Historic,,,,Iracing,,No,269
87,Canada,Circuit Gilles Villeneuve,Circuit Gilles Villeneuve,61,,3.4.5,Iracing,Road,No,218
88,United States,Circuit of the Americas,Circuit of the Americas - East,26,,1.2,Iracing,Road,No,230
89,United States,Circuit of the Americas,Circuit of the Americas - West,60,,1.2.3,Iracing,Road,No,231
90,United States,Circuit of the Americas,Circuit of the Americas - Grand Prix,60,,3.4.5,Iracing,Road,No,229
91,United States,Circuit of the Americas,Circuit of the Americas - Nascar West,60,,3.4.5,Iracing,Road,No,579
92,Netherlands,Circuit Zandvoort,Circuit Park Zandvoort - Grand Prix - 2009,43,,3.4.5,Iracing,,No,149
93,Netherlands,Circuit Zandvoort,Circuit Park Zandvoort - National - 2009,43,,3.4,Iracing,,No,150
94,Netherlands,Circuit Zandvoort,Circuit Park Zandvoort - Chicane - 2009,43,,2.3,Iracing,,No,147
95,Netherlands,Circuit Zandvoort,Circuit Park Zandvoort - Club - 2009,43,,1.2,Iracing,,No,148
96,Netherlands,Circuit Zandvoort,Circuit Park Zandvoort - Oostelijk - 2009,22,,1,Iracing,,No,151
97,Netherlands,Circuit Zandvoort,Circuit Zandvoort - Oostelijk,60,,1,Iracing,Road,No,488
98,Netherlands,Circuit Zandvoort,Circuit Zandvoort - Nationaal,60,,2.3,Iracing,Road,No,487
99,Netherlands,Circuit Zandvoort,Circuit Zandvoort - Grand Prix w/2 Chicane,60,,3.4,Iracing,Road,No,486
100,Netherlands,Circuit Zandvoort,Circuit Zandvoort - Grand Prix,60,,3.4.5,Iracing,Road,No,485
101,Belgium,Circuit Zolder,Circuit Zolder - Grand Prix,61,,3.4,Iracing,,No,199
102,Belgium,Circuit Zolder,Circuit Zolder - Alternate,61,,3.4,Iracing,,No,200
103,Spain,Circuito de Jerez - Ángel Nieto,Circuito de Jerez - Ángel Nieto - Grand Prix,60,,2.3.4,Iracing,,No,473
104,Spain,Circuito de Jerez - Ángel Nieto,Circuito de Jerez - Ángel Nieto - Moto,60,,2.3.4,Iracing,,No,474
105,Spain,Circuito de Navarra,Circuito de Navarra - Speed Circuit - Medium,60,,1.2,Iracing,Road,Yes,516
106,Spain,Circuito de Navarra,Circuito de Navarra - Speed Circuit - Short,60,,1.2,Iracing,Road,Yes,517
107,Spain,Circuito de Navarra,Circuito de Navarra - Speed Circuit,60,,1.2.3,Iracing,Road,Yes,515
108,United States,Concord Speedway,Concord Speedway,43,,1.2.3,Iracing,Oval,Yes,15
109,United States,Crandon International Raceway,Crandon International Raceway - Full,,,1.2.3.4.5,Iracing,Dirt Road,No,
110,United States,Crandon International Raceway,Crandon International Raceway - Short,,,1.2.3.4.5,Iracing,Dirt Road,No,
111,United States,Darlington Raceway,Darlington Raceway,60,,3.4.5,Iracing,Oval,No,115
112,United States,Daytona International Speedway,Daytona International Speedway - Short,42,,1.2,Iracing,Road,No,194
113,United States,Daytona International Speedway,Daytona International Speedway - Moto,60,,3.4,Iracing,Road,No,193
114,United States,Daytona International Speedway,Daytona Rallycross and Dirt Road - Dirt Road Long,,,1.2.3.4.5,Iracing,Dirt Road,No,
115,United States,Daytona International Speedway,Daytona Rallycross and Dirt Road - Dirt Road Short,,,1.2.3.4.5,Iracing,Dirt Road,No,
116,United States,Daytona International Speedway,Daytona Rallycross and Dirt Road - Rallycross Long,,,1.2.3.4.5,Iracing,Rallycross,No,
117,United States,Daytona International Speedway,Daytona Rallycross and Dirt Road - Rallycross Short,,,1.2.3.4.5,Iracing,Rallycross,No,
118,United States,Daytona International Speedway,Daytona International Speedway - Oval,60,,3.4.5,Iracing,Road,No,191
119,United States,Daytona International Speedway,Daytona International Speedway - Road Course,60,,3.4.5,Iracing,Road,No,192
120,United States,Daytona International Speedway,Daytona International Speedway - NASCAR Road Course,60,,3.4.5,Iracing,Road,No,381
121,United States,Daytona International Speedway,Daytona International Speedway - Oval - 2008,60,,,Iracing,,No,27
122,United States,Daytona International Speedway,Daytona International Speedway - Road Course - 2008,60,,,Iracing,,No,26
123,United States,Daytona International Speedway,Daytona International Speedway - Moto - 2008,60,,,Iracing,,No,28
124,United States,Daytona International Speedway,Daytona International Speedway - Short - 2008,28,,,Iracing,,No,29
125,United States,Daytona International Speedway,Daytona Rallycross and Dirt Road,,,1.2.3.4.5,Iracing,Dirt Road,No,
126,United States,Detroit Grand Prix at Belle Isle,Detroit Grand Prix at Belle Isle,60,,3.4,Iracing,Road,No,319
127,United Kingdom,Donington Park Racing Circuit,Donington Park Racing Circuit - Grand Prix,51,,2.3,Iracing,Road,No,233
128,United Kingdom,Donington Park Racing Circuit,Donington Park Racing Circuit - National,51,,2.3,Iracing,Road,No,234
129,United States,Dover Motor Speedway,Dover Motor Speedway,60,,3.4.5,Iracing,Oval,No,162
130,United States,EchoPark Speedway (Atlanta),EchoPark Speedway (Atlanta) - Road Course - 2008,,,,Iracing,Road,No,
131,United States,EchoPark Speedway (Atlanta),EchoPark Speedway (Atlanta) - Rallycross Long,,,1.2.3.4.5,Iracing,Rallycross,No,
132,United States,EchoPark Speedway (Atlanta),EchoPark Speedway (Atlanta) - Rallycross Short,,,1.2.3.4.5,Iracing,Rallycross,No,
133,United States,EchoPark Speedway (Atlanta),EchoPark Speedway (Atlanta) - Oval,60,,3.4.5,Iracing,Oval,No,447
134,United States,EchoPark Speedway (Atlanta),EchoPark Speedway (Atlanta) - Oval - 2008,60,,,Iracing,,No,53
135,United States,EchoPark Speedway (Atlanta),EchoPark Speedway (Atlanta) - Legends Oval - 2008,39,,1,Iracing,,No,52
136,United States,Eldora Speedway,Eldora Speedway,,,1.2.3.4.5,Iracing,Dirt Oval,No,
137,United States,Fairbury Speedway,Fairbury Speedway,,,1.2.3.4.5,Iracing,Dirt Oval,No,
138,United States,Federated Auto Parts Raceway at I-55,Federated Auto Parts Raceway at I-55,,,1.2.3,Iracing,Dirt Oval,No,
139,United States,Firebird Motorsports Park,Firebird Motorsports Park,,,1.2.3.4.5,Iracing,Dirt Road,No,
140,United States,Five Flags Speedway,Five Flags Speedway,43,,1.2.3,Iracing,Oval,No,248
141,Japan,Fuji International Speedway,Fuji International Speedway - Grand Prix,60,,3.4.5,Iracing,Road,No,444
142,Japan,Fuji International Speedway,Fuji International Speedway - No Chicane,60,,3.4.5,Iracing,Road,No,445
143,United States,Hickory Motor Speedway,Hickory Motor Speedway,60,,1.2.3,Iracing,Oval,No,414
144,Germany,Hockenheimring Baden-Württemberg,Hockenheimring Baden-Württemberg - PEC - East,,,,Iracing,Road,No,
145,Germany,Hockenheimring Baden-Württemberg,Hockenheimring Baden-Württemberg - PEC - Handling,,,,Iracing,Road,No,
146,Germany,Hockenheimring Baden-Württemberg,Hockenheimring Baden-Württemberg - PEC - Outer,,,,Iracing,Road,No,
147,Germany,Hockenheimring Baden-Württemberg,Hockenheimring Baden-Württemberg - PEC - West,,,,Iracing,Road,No,
148,Germany,Hockenheimring Baden-Württemberg,Hockenheimring Baden-Württemberg - Short A,60,,1.2,Iracing,Road,No,393
149,Germany,Hockenheimring Baden-Württemberg,Hockenheimring Baden-Württemberg - Short B,60,,1.2,Iracing,Road,No,394
150,Germany,Hockenheimring Baden-Württemberg,Hockenheimring Baden-Württemberg - National A,60,,3.4,Iracing,Road,No,391
151,Germany,Hockenheimring Baden-Württemberg,Hockenheimring Baden-Württemberg - National B,60,,3.4,Iracing,Road,No,392
152,Germany,Hockenheimring Baden-Württemberg,Hockenheimring Baden-Württemberg - Grand Prix,60,,3.4.5,Iracing,Road,No,390
153,Germany,Hockenheimring Baden-Württemberg,Hockenheimring Baden-Württemberg - Outer,60,,3.4,Iracing,Road,No,395
154,United States,Homestead Miami Speedway,Homestead Miami Speedway - Oval,60,,3.4.5,Iracing,Oval,No,20
155,United States,Homestead Miami Speedway,Homestead Miami Speedway - Open Wheel Oval,43,,3.4.5,Iracing,Oval,No,362
156,United States,Homestead Miami Speedway,Homestead Miami Speedway - Road Course A,60,,2.3.4,Iracing,Road,No,21
157,United States,Homestead Miami Speedway,Homestead Miami Speedway - Road Course B,60,,3.4,Iracing,Road,No,22
158,Hungary,Hungaroring Circuit,Hungaroring Circuit,60,,3.4.5,Iracing,Road,No,413
159,United States,Huset's Speedway,Huset's Speedway,,,1.2.3,Iracing,Dirt oval,No,
160,United States,Indianapolis Motor Speedway,Indianapolis Motor Speedway - Oval,60,,3.4.5,Iracing,Oval,No,522
161,United States,Indianapolis Motor Speedway,Indianapolis Motor Speedway - Open Wheel Oval,60,,3.4.5,Iracing,Oval,No,453
162,United States,Indianapolis Motor Speedway,Indianapolis Motor Speedway - Road Course,60,,3.4.5,Iracing,,No,448
163,United States,Indianapolis Motor Speedway,Indianapolis Motor Speedway - Oval - 2009,55,,,Iracing,,No,133
164,United States,Indianapolis Motor Speedway,Indianapolis Motor Speedway - Open Wheel Oval - 2009,48,,,Iracing,,No,178
165,United States,Indianapolis Motor Speedway,Indianapolis Motor Speedway - Road Course - 2009,,,,Iracing,,No,
166,United States,Iowa Speedway,Iowa Speedway - Oval,60,,3.4.5,Iracing,Oval,No,559
167,United States,Iowa Speedway,Iowa Speedway - Oval - 2011,60,,,Iracing,,No,169
168,United States,Iowa Speedway,Iowa Speedway - Road Course,,,,Iracing,Road,No,
169,United States,Iowa Speedway,Iowa Speedway - Infield Road Course,,,,Iracing,,No,
170,United States,Iowa Speedway,Iowa Speedway - Legends,24,,1,Iracing,Oval,No,
171,United States,Iowa Speedway,Iowa Speedway - Infield Legends,,,1.2,Iracing,Oval,No,172
172,United States,Iowa Speedway,Iowa Speedway - Rallycross,,,1.2.3.4.5,Iracing,Rallycross,No,
173,United States,iRacing Superspeedway,iRacing Superspeedway,60,,3.4.5,Iracing,Oval,No,384
174,United States,Irwindale Speedway,Irwindale Speedway - Outer,44,,1.2.3,Iracing,Oval,No,23
175,United States,Irwindale Speedway,Irwindale Speedway - Inner,33,,1.2,Iracing,Oval,No,19
176,United States,Irwindale Speedway,Irwindale Speedway - Outer - Inner,31,,1.2,Iracing,Oval,No,30
177,United States,Irwindale Speedway,Irwindale Speedway - Figure Eight,33,,1.2,Iracing,Oval,No,217
178,United States,Irwindale Speedway,Irwindale Speedway - Figure Eight Jump,27,,1.2,Iracing,Oval,No,388
179,United States,Kansas Speedway,Kansas Speedway - Oval,60,,3.4.5,Iracing,Oval,No,214
180,United States,Kansas Speedway,Kansas Speedway - Road Course,,,,Iracing,Road,No,
181,United States,Kansas Speedway,Kansas Speedway - Infield Road Course,,,,Iracing,Road,No,
182,United States,Kentucky Speedway,Kentucky Speedway - Oval,60,,3.4.5,Iracing,Oval,No,371
183,United States,Kevin Harvick's Kern Raceway,Kevin Harvick's Kern Raceway - Asphalt Track,60,,1.2.3,Iracing,Oval,No,493
184,United States,Kevin Harvick's Kern Raceway,Kevin Harvick's Kern Raceway - Legends,60,,1.2,Iracing,Oval,No,496
185,United States,Kevin Harvick's Kern Raceway,Kevin Harvick's Kern Raceway - Dirt Track,,,1.2.3.4.5,Iracing,Dirt Oval,No,
186,United States,Kevin Harvick's Kern Raceway,Kevin Harvick's Kern Raceway - Dirt Mini Oval,,,1.2.3,Iracing,Dirt Oval,No,
187,United Kingdom,Knockhill Racing Circuit,Knockhill Racing Circuit - Tri-Oval,60,,,Iracing,Oval,No,
188,United Kingdom,Knockhill Racing Circuit,Knockhill Racing Circuit - International,60,,2.3,Iracing,Road,No,423
189,United Kingdom,Knockhill Racing Circuit,Knockhill Racing Circuit - International Reverse,60,,2.3,Iracing,Road,No,424
190,United Kingdom,Knockhill Racing Circuit,Knockhill Racing Circuit - National,60,,2.3,Iracing,Road,No,425
191,United Kingdom,Knockhill Racing Circuit,Knockhill Racing Circuit - National Reverse,60,,2.3,Iracing,Road,No,426
192,United Kingdom,Knockhill Racing Circuit,Knockhill Racing Circuit - Rallycross,,,1.2.3.4.5,Iracing,Rallycross,No,
193,United States,Knoxville Raceway,Knoxville Raceway,,,1.2.3.4.5,Iracing,Dirt Oval,No,
194,United States,Kokomo Speedway,Kokomo Speedway - Tires In,,,1.2.3,Iracing,Dirt Oval,No,
195,United States,Kokomo Speedway,Kokomo Speedway - Tires Out,,,1.2.3,Iracing,Dirt Oval,No,
196,United States,Langley Speedway,Langley Speedway,37,,1.2.3,Iracing,Oval,Yes,201
197,United States,Lanier National Speedway,Lanier National Speedway - Asphalt,60,,1.2.3,Iracing,Oval,Yes,17
198,United States,Lanier National Speedway,Lanier National Speedway - Dirt,,,1.2.3,Iracing,Dirt Oval,No,
199,Norway,Lånkebanen (Hell RX),Lånkebanen (Hell RX) - Club,,,1.2.3.4.5,Iracing,Rallycross,No,
200,Norway,Lånkebanen (Hell RX),Lånkebanen (Hell RX) - Hell Rallycross,,,1.2.3.4.5,Iracing,Rallycross,No,
201,Norway,Lånkebanen (Hell RX),Lånkebanen (Hell RX) - Rallycross Short,,,1.2.3.4.5,Iracing,Rallycross,No,
202,Norway,Lånkebanen (Hell RX),Lånkebanen (Hell RX) - Road Long,,,1.2.3.4.5,Iracing,Rallycross,No,
203,Norway,Lånkebanen (Hell RX),Lånkebanen (Hell RX) - Road Short,,,1.2.3.4.5,Iracing,Rallycross,No,
204,United States,Las Vegas Motor Speedway,Las Vegas Motor Speedway - Infield Legends Oval,,,,Iracing,Oval,No,
205,United States,Las Vegas Motor Speedway,Las Vegas Motor Speedway - Legends Oval,22,,1,Iracing,Oval,No,110
206,United States,Las Vegas Motor Speedway,Las Vegas Motor Speedway - Oval,60,,3.4.5,Iracing,Oval,No,103
207,United States,Las Vegas Motor Speedway,Las Vegas Motor Speedway - Road Course Combined,,,,Iracing,Road,No,
208,United States,Las Vegas Motor Speedway,Las Vegas Motor Speedway - Road Course Long,,,,Iracing,Road,No,
209,United States,Las Vegas Motor Speedway,Las Vegas Motor Speedway - Road Course Short,,,,Iracing,Road,No,
210,United States,Lernerville Speedway,Lernerville Speedway,,,1.2.3.4,Iracing,Dirt Oval,No,
211,United States,Limaland Motorsports Park,Limaland Motorsports Park,,,1.2.3.4.5,Iracing,Dirt Oval,Yes,
212,United States,Lime Rock Park,Lime Rock Park - Chicanes,60,,1.2.3,Iracing,Road,Yes,354
213,United States,Lime Rock Park,Lime Rock Park - Classic,60,,1.2.3,Iracing,Road,Yes,352
214,United States,Lime Rock Park,Lime Rock Park - Grand Prix,60,,1.2.3,Iracing,Road,Yes,353
215,United States,Lime Rock Park,Lime Rock Park - School,60,,1.2.3,Iracing,Road,Yes,508
216,United States,Lime Rock Park,Lime Rock Park - West Bend Chicane,60,,1.2.3,Iracing,Road,Yes,355
217,United States,Lincoln Speedway,Lincoln Speedway,,,1.23.4.5,Iracing,Dirt Oval,No,
218,United States,Long Beach Street Circuit,Long Beach Street Circuit,61,,3.4.5,Iracing,Road,No,179
219,United States,Los Angeles Memorial Coliseum,Los Angeles Memorial Coliseum,60,,1.2.3.4.5,Iracing,Oval,No,437
220,United States,Lucas Oil Indianapolis Raceway Park,Lucas Oil Indianapolis Raceway Park - Oval,,,1.2.3.4.5,Iracing,Dirt Oval,No,
221,United States,Lucas Oil Indianapolis Raceway Park,Lucas Oil Indianapolis Raceway Park - Rallycross,,,1.2.3.4.5,Iracing,Rallycross,No,
222,United States,Lucas Oil Speedway,Lucas Oil Speedway - Dirt Oval,,,1.2.3.4.5,Iracing,Dirt Oval,No,
223,United States,Lucas Oil Speedway,Lucas Oil Speedway - Off Road,,,1.2.3.4.5,Iracing,Dirt Road,No,
224,United States,Martinsville Speedway,Martinsville Speedway,60,,2.3.4.5,Iracing,Oval,No,33
225,United States,Miami International Autodrome,Miami International Autodrome - Marina Loop,60,,2.3,Iracing,Road,No,533
226,United States,Miami International Autodrome,Miami International Autodrome - MIA Loop,60,,2.3,Iracing,Road,No,534
227,United States,Miami International Autodrome,Miami International Autodrome - Extended MIA Loop,60,,2.3,Iracing,Road,No,535
228,United States,Miami International Autodrome,Miami International Autodrome - Extended Marina Loop,60,,2.3.4,Iracing,Road,No,538
229,United States,Miami International Autodrome,Miami International Autodrome - Grand Prix,60,,3.4.5,Iracing,Road,No,539
230,United States,Michigan International Speedway,Michigan International Speedway,60,,3.4.5,Iracing,Oval,No,276
231,United States,Mid-Ohio Sports Car Course,Mid-Ohio Sports Car Course - Alt Oval,,,,Iracing,Oval,No,
232,United States,Mid-Ohio Sports Car Course,Mid-Ohio Sports Car Course - Oval,,,,Iracing,Oval,No,
233,United States,Mid-Ohio Sports Car Course,Mid-Ohio Sports Car Course - Short,61,,2.3,Iracing,Road,No,155
234,United States,Mid-Ohio Sports Car Course,Mid-Ohio Sports Car Course - Chicane,61,,3.4,Iracing,Road,No,154
235,United States,Mid-Ohio Sports Car Course,Mid-Ohio Sports Car Course - Full Course,61,,3.4,Iracing,Road,No,153
236,United States,Millbridge Speedway,Millbridge Speedway,,,1.2.3,Iracing,Dirt Oval,No,
237,Italy,Misano World Circuit Marco Simoncelli,Misano World Circuit Marco Simoncelli - Club,60,,1.2,Iracing,Road,No,504
238,Italy,Misano World Circuit Marco Simoncelli,Misano World Circuit Marco Simoncelli - Grand Prix,60,,3.4,Iracing,Road,No,501
239,Italy,Misano World Circuit Marco Simoncelli,Misano World Circuit Marco Simoncelli - Grand Prix - Historic,60,,2.3,Iracing,Road,No,503
240,Italy,Misano World Circuit Marco Simoncelli,Misano World Circuit Marco Simoncelli - Grand Prix 2007,60,,,Iracing,,No,502
241,Italy,Misano World Circuit Marco Simoncelli,Misano World Circuit Marco Simoncelli - Truck,60,,3.4,Iracing,Road,No,505
242,Japan,Mobility Resort Motegi,Mobility Resort Motegi - West,61,,1.2,Iracing,Road,No,197
243,Japan,Mobility Resort Motegi,Mobility Resort Motegi - Grand Prix,61,,3.4,Iracing,Road,No,195
244,Japan,Mobility Resort Motegi,Mobility Resort Motegi - Oval,60,,2.3.4,Iracing,Oval,No,198
245,Japan,Mobility Resort Motegi,Mobility Resort Motegi - East,46,,3.4.5,Iracing,Road,No,196
246,Spain,MotorLand Aragón,MotorLand Aragón - Grand Prix,60,,3.4,Iracing,,No,475
247,Spain,MotorLand Aragón,MotorLand Aragón - Motorcycle Grand Prix,60,,3.4,Iracing,,No,478
248,Spain,MotorLand Aragón,MotorLand Aragón - Motorcycle National,60,,1.2.3,Iracing,,No,479
249,Spain,MotorLand Aragón,MotorLand Aragón - National,60,,1.2.3,Iracing,,No,476
250,Spain,MotorLand Aragón,MotorLand Aragón - Outer,60,,3.4,Iracing,,No,480
251,Spain,MotorLand Aragón,MotorLand Aragón - Touring Car,60,,2.3.4,Iracing,,No,482
252,Spain,MotorLand Aragón,MotorLand Aragón - West,60,,1.2,Iracing,,No,477
253,Germany,Motorsport Arena Oschersleben,Motorsport Arena Oschersleben - B Course,60,,1.2,Iracing,Road,Yes,455
254,Germany,Motorsport Arena Oschersleben,Motorsport Arena Oschersleben - C Course,60,,1.2,Iracing,Road,Yes,456
255,Germany,Motorsport Arena Oschersleben,Motorsport Arena Oschersleben - Alternate,60,,2.3,Iracing,Road,Yes,454
256,Germany,Motorsport Arena Oschersleben,Motorsport Arena Oschersleben - Grand Prix,60,,2.3,Iracing,Road,Yes,449
257,Australia,Mount Panorama Circuit,Mount Panorama Circuit,61,,3.4.5,Iracing,Road,No,219
258,United States,Mount Washington Auto Road,Mount Washington Auto Road - Descent,,,,Iracing,,No,
259,United States,Mount Washington Auto Road,Mount Washington Auto Road - Hillclimb,,,,Iracing,,No,
260,United States,Myrtle Beach Speedway,Myrtle Beach Speedway,60,,1.2.3,Iracing,Oval,No,286
261,United States,Nashville Fairgrounds Speedway,Nashville Fairgrounds Speedway - Mini,60,,1.2,Iracing,Oval,No,380
262,United States,Nashville Fairgrounds Speedway,Nashville Fairgrounds Speedway - Oval,60,,1.2.3,Iracing,Oval,No,374
263,United States,Nashville Superspeedway,Nashville Superspeedway,60,,2.3.4.5,Iracing,Oval,No,400
264,United States,New Hampshire Motor Speedway,New Hampshire Motor Speedway - Legends,,,,Iracing,Oval,No,
265,United States,New Hampshire Motor Speedway,New Hampshire Motor Speedway - Oval,60,,3.4.5,Iracing,Oval,No,131
266,United States,New Hampshire Motor Speedway,New Hampshire Motor Speedway - Road Course,45,,3.4,Iracing,Road,No,129
267,United States,New Hampshire Motor Speedway,New Hampshire Motor Speedway - Road Course with North Oval,45,,3.4,Iracing,,No,130
268,United States,New Hampshire Motor Speedway,New Hampshire Motor Speedway - Road Course with South Oval,45,,3.4,Iracing,,No,132
269,United States,New Jersey Motorsports Park,New Jersey Motorsports Park - Thunderbolt,,,,Iracing,Road,No,
270,United States,New Jersey Motorsports Park,New Jersey Motorsports Park - Thunderbolt w/both chicanes,,,,Iracing,Road,No,
271,United States,New Jersey Motorsports Park,New Jersey Motorsports Park - Thunderbolt w/first chicane,,,,Iracing,Road,No,
272,United States,New Jersey Motorsports Park,New Jersey Motorsports Park - Thunderbolt w/second chicane,,,,Iracing,Road,No,
273,United States,New Smyrna Speedway,New Smyrna Speedway,43,,1.2,Iracing,Oval,No,190
274,United States,North Wilkesboro Speedway,North Wilkesboro Speedway,60,,1.2.3.4.5,Iracing,Oval,No,562
275,United States,North Wilkesboro Speedway,North Wilkesboro Speedway - 1987,,,,Iracing,,No,366
276,Germany,Nürburgring,Nürburgring Combined - Gesamtstrecke 24h,,,3.4.5,Iracing,Road,No,252
277,Germany,Nürburgring,Nürburgring Combined,,,,Iracing,,No,
278,Germany,Nürburgring,Nürburgring Combined - Gesamtstrecke Long,,,,Iracing,,No,264
279,Germany,Nürburgring,Nürburgring Combined - Gesamtstrecke Short w/o Arena,,,,Iracing,,No,263
280,Germany,Nürburgring,Nürburgring Combined - Gesamtstrecke VLN,,,,Iracing,,No,262
281,Germany,Nürburgring Grand-Prix-Strecke,Nürburgring Grand-Prix-Strecke - Müllenbachschleife,,,,Iracing,Road,No,
282,Germany,Nürburgring Grand-Prix-Strecke,Nürburgring Grand-Prix-Strecke - Kurzanbindung w/out Arena,60,,2.3,Iracing,Road,No,260
283,Germany,Nürburgring Grand-Prix-Strecke,Nürburgring Grand-Prix-Strecke - Sprintstrecke,60,,2.3,Iracing,Road,No,259
284,Germany,Nürburgring Grand-Prix-Strecke,Nürburgring Grand-Prix-Strecke - Grand Prix w/out Arena,60,,3,Iracing,Road,No,257
285,Germany,Nürburgring Grand-Prix-Strecke,Nürburgring Grand-Prix-Strecke - BES/WEC,,,3.4,Iracing,Road,No,255
286,Germany,Nürburgring Grand-Prix-Strecke,Nürburgring Grand-Prix-Strecke - Grand Prix,60,,3.4.5,Iracing,Road,No,250
287,Germany,Nürburgring Nordschleife,Nürburgring Nordschleife - Industriefahrten,60,,,Iracing,,No,249
288,Germany,Nürburgring Nordschleife,Nürburgring Nordschleife - Touristenfahrten,60,,,Iracing,,No,
289,Japan,Okayama International Circuit,Okayama International Circuit - Short,,,1.2,Iracing,Road,Yes,167
290,Japan,Okayama International Circuit,Okayama International Circuit - Full Course,,,2.3,Iracing,Road,Yes,166
291,Australia,Oran Park Raceway,Oran Park Raceway - North,25,,1.2,Iracing,Road,Yes,207
292,Australia,Oran Park Raceway,Oran Park Raceway - North A,25,,1.2,Iracing,Road,Yes,209
293,Australia,Oran Park Raceway,Oran Park Raceway - North B,,,,Iracing,Road,Yes,
294,Australia,Oran Park Raceway,Oran Park Raceway - South,57,,1.2,Iracing,Road,Yes,208
295,Australia,Oran Park Raceway,Oran Park Raceway - Grand Prix,57,,1.2.3,Iracing,Road,Yes,202
296,Australia,Oran Park Raceway,Oran Park Raceway - Moto,57,,1.2.3,Iracing,Road,Yes,211
297,United States,Oswego Speedway,Oswego Speedway - Dirt,,,1.2.3,Iracing,Dirt Oval,No,
298,United States,Oswego Speedway,Oswego Speedway - Mini Oval,60,,1,Iracing,Oval,No,519
299,United States,Oswego Speedway,Oswego Speedway - Oval,60,,1.2,Iracing,Oval,No,518
300,United Kingdom,Oulton Park Circuit,Oulton Park Circuit - Fosters,,,1.2,Iracing,Road,Yes,181
301,United Kingdom,Oulton Park Circuit,Oulton Park Circuit - Fosters w/Hislop,,,1.2,Iracing,Road,Yes,183
302,United Kingdom,Oulton Park Circuit,Oulton Park Circuit - Intl w/out Brittens,40,,2.3,Iracing,Road,Yes,184
303,United Kingdom,Oulton Park Circuit,Oulton Park Circuit - Intl w/out Chicane,40,,2.3,Iracing,Road,Yes,185
304,United Kingdom,Oulton Park Circuit,Oulton Park Circuit - Intl w/out Hislop,40,,2.3,Iracing,Road,Yes,183
305,United Kingdom,Oulton Park Circuit,Oulton Park Circuit - Island,40,,2.3,Iracing,Road,Yes,182
306,United Kingdom,Oulton Park Circuit,Oulton Park Circuit - Island Historic,40,,2.3,Iracing,Road,Yes,187
307,United Kingdom,Oulton Park Circuit,Oulton Park Circuit - International,40,,1.2.3,Iracing,Road,Yes,180
308,United States,Oxford Plains Speedway,Oxford Plains Speedway,45,,1.2,Iracing,Oval,Yes,12
309,Australia,Phillip Island Circuit,Phillip Island Circuit,61,,2.3.4,Iracing,Road,No,152
310,United States,Phoenix Raceway,Phoenix Raceway - Oval,60,,3.4.5,Iracing,Oval,No,418
311,United States,Phoenix Raceway,Phoenix Raceway - Oval w/open Dogleg,60,,3.4.5,Iracing,Oval,No,419
312,United States,Pocono Raceway,Pocono Raceway,60,,3.4.5,Iracing,Oval,No,277
313,United States,Port Royal Speedway,Port Royal Speedway,,,1.2.3.4.5,Iracing,Dirt Oval,No,
314,United States,Portland International Raceway,Portland International Raceway - Full,60,,3.4.5,Iracing,Road,No,537
315,United States,Portland International Raceway,Portland International Raceway - No Chicane,60,,,Iracing,,No,536
316,Austria,Red Bull Ring,Red Bull Ring - National,60,,1.2,Iracing,Road,No,404
317,Austria,Red Bull Ring,Red Bull Ring - North,60,,1.2,Iracing,Road,No,407
318,Austria,Red Bull Ring,Red Bull Ring - Grand Prix,60,,3.4.5,Iracing,Road,No,403
319,United States,Richmond Raceway,Richmond Raceway,60,,3.4.5,Iracing,Oval,No,561
320,United States,Road America,Road America - Bend,60,,3.4.5,Iracing,Road,No,50
321,United States,Road America,Road America - Full,60,,3.4.5,Iracing,Road,No,18
322,United States,Road Atlanta,Road Atlanta - Club,61,,1.2.3,Iracing,Road,No,127
323,United States,Road Atlanta,Road Atlanta - Short,61,,1.2.3,Iracing,Road,No,126
324,United States,Road Atlanta,Road Atlanta - Full Course,61,,3.4.5,Iracing,Road,No,128
325,United Kingdom,Rockingham Speedway,Rockingham Speedway - Oval,60,,3.4.5,Iracing,Oval,No,583
326,United Kingdom,Rockingham Speedway,Rockingham Speedway - Infield Road Course,,,,Iracing,Road,No,
327,United Kingdom,Rockingham Speedway,Rockingham Speedway - Road Course,,,,Iracing,Road,No,
328,United Kingdom,Rockingham Speedway,Rockingham Speedway - Short Road Course,,,,Iracing,Road,No,
329,Norway,Rudskogen Motorsenter,Rudskogen Motorsenter,60,,1.2.3,Iracing,Road,Yes,451
330,Germany,Sachsenring,Sachsenring,60,,2.3.4,Iracing,Road,No,521
331,Australia,Sandown International Motor Raceway,Sandown International Motor Raceway,60,,3.4,Iracing,Road,No,443
332,United States,Sebring International Raceway,Sebring International Raceway - Club,58,,1.2,Iracing,Road,No,97
333,United States,Sebring International Raceway,Sebring International Raceway - Modified,61,,1.2,Iracing,Road,No,96
334,United States,Sebring International Raceway,Sebring International Raceway - International,61,,3.4.5,Iracing,Road,No,95
335,Australia,Shell V-Power Motorsport Park at The Bend,Shell V-Power Motorsport Park at The Bend - South-West Circuit,60,,1,Iracing,Road,No,546
336,Australia,Shell V-Power Motorsport Park at The Bend,Shell V-Power Motorsport Park at The Bend - Sprint Circuit,60,,1.2,Iracing,Road,No,545
337,Australia,Shell V-Power Motorsport Park at The Bend,Shell V-Power Motorsport Park at The Bend - East Circuit,60,,1.2,Iracing,Road,No,542
338,Australia,Shell V-Power Motorsport Park at The Bend,Shell V-Power Motorsport Park at The Bend - West Circuit,60,,1.2,Iracing,Road,No,543
339,Australia,Shell V-Power Motorsport Park at The Bend,Shell V-Power Motorsport Park at The Bend - West Plus Circuit,60,,1.2,Iracing,Road,No,544
340,Australia,Shell V-Power Motorsport Park at The Bend,Shell V-Power Motorsport Park at The Bend - International Circuit,60,,3.4,Iracing,Road,No,541
341,Australia,Shell V-Power Motorsport Park at The Bend,Shell V-Power Motorsport Park at The Bend - GT Circuit,60,,3.4,Iracing,Road,No,540
342,United Kingdom,Silverstone Circuit,Silverstone Circuit - International,60,,1.2,Iracing,Road,No,342
343,United Kingdom,Silverstone Circuit,Silverstone Circuit - National,60,,1.2,Iracing,Road,No,343
344,United Kingdom,Silverstone Circuit,Silverstone Circuit - Grand Prix,60,,3.4.5,Iracing,Road,No,341
345,United States,Slinger Speedway,Slinger Speedway - Figure Eight,50,,1.2.3,Iracing,Oval,No,506
346,United States,Slinger Speedway,Slinger Speedway - Oval,60,,1.2.3,Iracing,Oval,No,500
347,United Kingdom,Snetterton Circuit,Snetterton Circuit - 100,,,,Iracing,Road,Yes,
348,United Kingdom,Snetterton Circuit,Snetterton Circuit - 200,60,,2.3,Iracing,Road,Yes,298
349,United Kingdom,Snetterton Circuit,Snetterton Circuit - 300,60,,2.3.4,Iracing,Road,Yes,297
350,United States,Sonoma Raceway,Sonoma Raceway - NASCAR Long,60,,3.4.5,Iracing,Road,No,566
351,United States,Sonoma Raceway,Sonoma Raceway - NASCAR Short,60,,3.4,Iracing,Road,No,567
352,United States,Sonoma Raceway,Sonoma Raceway - Open Wheel 2008-2011,60,,3.4.5,Iracing,Road,No,564
353,United States,Sonoma Raceway,Sonoma Raceway - Open Wheel 2012-2018,60,,3.4.5,Iracing,Road,No,565
354,United States,Sonoma Raceway,Sonoma Raceway - Open Wheel pre-2008,60,,3.4.5,Iracing,Road,No,563
355,United States,Sonoma Raceway,Sonoma Raceway - Rallycross,,,1.2.3.4.5,Iracing,Rallycross,No,
356,United States,South Boston Speedway,South Boston Speedway,60,,1.2.3,Iracing,Oval,Yes,14
357,United States,Southern National Motorsports Park,Southern National Motorsports Park,43,,1.2.3,Iracing,Oval,Yes,256
358,United States,St Petersburg Grand Prix,St Petersburg Grand Prix,60,,3.4.5,Iracing,Road,No,584
359,United States,Stafford Motor Speedway,Stafford Motor Speedway - Full Course,43,,1.2.3,Iracing,Oval,No,11
360,United States,Stafford Motor Speedway,Stafford Motor Speedway - Mini Mile,,,,Iracing,,No,
361,United States,Summit Point Raceway,Summit Point Raceway - Short,58,,1,Iracing,Road,Yes,24
362,United States,Summit Point Raceway,Summit Point Raceway - Jefferson Circuit,30,,1.2,Iracing,Road,Yes,8
363,United States,Summit Point Raceway,Summit Point Raceway - Jefferson Reverse,20,,1.2,Iracing,Road,Yes,142
364,United States,Summit Point Raceway,Summit Point Raceway - Oval,,,,Iracing,Oval,Yes,
365,United States,Summit Point Raceway,Summit Point Raceway - School,,,,Iracing,Road,Yes,
366,United States,Summit Point Raceway,Summit Point Raceway - Summit Point Raceway,58,,2.3,Iracing,Road,Yes,9
367,Japan,Suzuka International Racing Course,Suzuka International Racing Course - East,60,,1.2,Iracing,Road,No,174
368,Japan,Suzuka International Racing Course,Suzuka International Racing Course - West,22,,1.2,Iracing,Road,No,175
369,Japan,Suzuka International Racing Course,Suzuka International Racing Course - West w/chicane,22,,1.2,Iracing,Road,No,176
370,Japan,Suzuka International Racing Course,Suzuka International Racing Course - Moto,60,,3.4,Iracing,Road,No,173
371,Japan,Suzuka International Racing Course,Suzuka International Racing Course - Grand Prix,60,,3.4.5,Iracing,Road,No,168
372,United States,Talladega Superspeedway,Talladega Superspeedway,60,,3.4.5,Iracing,Oval,No,116
373,United States,Texas Motor Speedway,Texas Motor Speedway - Legends Oval,43,,1,Iracing,Oval,No,364
374,United States,Texas Motor Speedway,Texas Motor Speedway - Oval,60,,3.4.5,Iracing,Oval,No,357
375,United States,The Bullring,The Bullring,60,,1.2.3,Iracing,Oval,No,271
376,United States,The Dirt Track at Charlotte,The Dirt Track at Charlotte,,,1.2.3.4.5,Iracing,Dirt Oval,No,
377,United States,The Milwaukee Mile,The Milwaukee Mile,43,,3.4.5,Iracing,Oval,No,94
378,United States,Thompson Speedway Motorsports Park,Thompson Speedway Motorsports Park,60,,1.2.3,Iracing,Oval,Yes,161
379,United Kingdom,Thruxton Circuit,Thruxton Circuit,60,,3.4,Iracing,Road,No,532
380,Japan,Tsukuba Circuit,Tsukuba Circuit - 1000 - Full,60,,1.2,Iracing,Road,Yes,327
381,Japan,Tsukuba Circuit,Tsukuba Circuit - 1000 - Reverse,60,,1.2,Iracing,Road,Yes,333
382,Japan,Tsukuba Circuit,Tsukuba Circuit - 2000 - Short,60,,1.2,Iracing,Road,Yes,326
383,Japan,Tsukuba Circuit,Tsukuba Circuit - 1000 - Chicane,60,,1.2,Iracing,Road,Yes,329
384,Japan,Tsukuba Circuit,Tsukuba Circuit - 2000 - Full,60,,2.3,Iracing,Road,Yes,324
385,Japan,Tsukuba Circuit,Tsukuba Circuit - 2000 - Moto,60,,2.3,Iracing,Road,Yes,325
386,Japan,Tsukuba Circuit,Tsukuba Circuit - 1000 - Outer,60,,,Iracing,,No,328
387,United States,USA International Speedway,USA International Speedway - Asphalt,43,,1.2.3,Iracing,Oval,Yes,16
388,United States,USA International Speedway,USA International Speedway - Dirt,,,1.2.3.4.5,Iracing,Dirt Oval,No,
389,United States,Virginia International Raceway,Virginia International Raceway - North Course,60,,1.2,Iracing,Road,Yes,467
390,United States,Virginia International Raceway,Virginia International Raceway - Patriot Course,60,,1.2,Iracing,Road,Yes,469
391,United States,Virginia International Raceway,Virginia International Raceway - South Course,60,,1.2,Iracing,Road,Yes,468
392,United States,Virginia International Raceway,Virginia International Raceway - Grand Course,60,,2.3,Iracing,Road,Yes,466
393,United States,Virginia International Raceway,Virginia International Raceway - Full Course,60,,3.4.5,Iracing,Road,Yes,465
394,United States,Volusia Speedway Park,Volusia Speedway Park,,,1.2.3.4.5,Iracing,Dirt Oval,No,
395,United States,Watkins Glen International,Watkins Glen International - Classic,60,,2.3,Iracing,Road,No,432
396,United States,Watkins Glen International,Watkins Glen International - Classic Boot,60,,2.3.4,Iracing,Road,No,435
397,United States,Watkins Glen International,Watkins Glen International - Cup,60,,2.3.4.5,Iracing,Road,No,433
398,United States,Watkins Glen International,Watkins Glen International - Boot,60,,2.3.4.5,Iracing,Road,No,434
399,United States,WeatherTech Raceway Laguna Seca,WeatherTech Raceway Laguna Seca,61,,2.3.4,Iracing,Road,No,47
400,United States,WeatherTech Raceway Laguna Seca,WeatherTech Raceway Laguna Seca - School,,,,Iracing,Road,No,
401,United States,Weedsport Speedway,Weedsport Speedway,,,1.2.3.4.5,Iracing,Dirt Oval,No,
402,United States,Wild West Motorsports Park,Wild West Motorsports Park,,,1.2.3.4.5,Iracing,Dirt Road,No,
403,United States,Williams Grove Speedway,Williams Grove Speedway,,,1.2.3.4.5,Iracing,Dirt Oval,No,
404,United States,Willow Springs International Raceway,Willow Springs International Raceway,60,,2.3.4,Iracing,Road,No,481
405,Australia,Winton Motor Raceway,Winton Motor Raceway - Club,60,,1.2,Iracing,Road,Yes,440
406,Australia,Winton Motor Raceway,Winton Motor Raceway - National,60,,1.2.3,Iracing,Road,Yes,439
407,Australia,Winton Motor Raceway,Winton Motor Raceway - Rallycross,,,1.2.3.4.5,Iracing,Rallycross,Yes,
408,United States,World Wide Technology Raceway (Gateway),World Wide Technology Raceway (Gateway) - Road Course,,,,Iracing,Road,No,
409,United States,World Wide Technology Raceway (Gateway),World Wide Technology Raceway (Gateway) - 2025 - Oval,60,,3.4.5,Iracing,Oval,No,560
410,France,La Sarthe,Le Mans Circuit Bugatti,32,24 Heures du Mans,2.3.4,AMS2,Road,No,
411,France,La Sarthe,Le Mans 24h,48,24 Heures du Mans,4.5,AMS2,Road,No,
412,Brazil,Ascurra,Ascurra Dirt,16,Adrenaline 1,1.2.3.4,AMS2,Rallycross,No,
413,Brazil,Ascurra,Ascurra RX,8,Adrenaline 1,1.2.3.4,AMS2,Rallycross,No,
414,Spain,Circuit de Barcelona-Catalunya,Circuit de Barcelona-Catalunya RX,8,Adrenaline 1,1.2.3.4,AMS2,Rallycross,No,
415,Brazil,Foz,Foz,8,Adrenaline 1,1.2.3.4,AMS2,Rallycross,No,
416,Germany,Hockenheimring,Hockenheim RX,20,Adrenaline 1,1.2.3.4,AMS2,Rallycross,No,
417,Germany,Nurburgring,Nurburgring RX,8,Adrenaline 1,1.2.3.4,AMS2,Rallycross,No,
418,Belgium,Spa-Francorchamps,Spa-Francorchamps RX,20,Adrenaline 1,1.2.3.4,AMS2,Rallycross,No,
419,Finland,Tykki,Tykki Dirt 1,16,Adrenaline 1,1.2.3.4,AMS2,Rallycross,No,
420,Finland,Tykki,Tykki Dirt 2,16,Adrenaline 1,1.2.3.4,AMS2,Rallycross,No,
421,Finland,Tykki,Tykki RX,8,Adrenaline 1,1.2.3.4,AMS2,Rallycross,No,
422,Finland,Tykki,Tykki Tarmac,16,Adrenaline 1,1.2.3.4,AMS2,Rallycross,No,
423,Australia,Adelaide,Adelaide STT,20,Adrenaline 2,5,AMS2,Rallycross,No,
424,USA,Cleveland,Cleveland STT,20,Adrenaline 2,5,AMS2,Rallycross,No,
425,Brazil,Guapore,Guapore STT,20,Adrenaline 2,5,AMS2,Rallycross,No,
426,Germany,Hockenheimring,Hockenheim STT,8,Adrenaline 2,5,AMS2,Rallycross,No,
427,Ecuador,Ibarra,Autodromo Yahuarcocha STT,20,Adrenaline 2,5,AMS2,Rallycross,No,
428,USA,Long Beach,Long Beach STT,20,Adrenaline 2,5,AMS2,Rallycross,No,
429,Italy,Monza,Monza STT,20,Adrenaline 2,5,AMS2,Rallycross,No,
430,USA,Road America,Road America STT,20,Adrenaline 2,5,AMS2,Rallycross,No,
431,USA,Sebring,Sebring STT,20,Adrenaline 2,5,AMS2,Rallycross,No,
432,Austria,Spielberg (Red Bull Ring),Spielberg STT,20,Adrenaline 2,5,AMS2,Rallycross,No,
433,Brazil,Velopark,Velopark 2017 STT,20,Adrenaline 2,5,AMS2,Rallycross,No,
434,USA,Watkins Glen,Watkins Glen STT,20,Adrenaline 2,5,AMS2,Rallycross,No,
435,Spain,Circuit de Barcelona-Catalunya,Circuit de Barcelona-Catalunya National,48,Barcelona Pack,2.3,AMS2,Road,No,
436,Spain,Circuit de Barcelona-Catalunya,Circuit de Barcelona-Catalunya GP (No Chicane),48,Barcelona Pack,4.5,AMS2,Road,No,
437,Spain,Circuit de Barcelona-Catalunya,Circuit de Barcelona-Catalunya GP,48,Barcelona Pack,4.5,AMS2,Road,No,
438,Spain,Circuit de Barcelona-Catalunya,Barcelona 1991,32,Historical Tracks 1,3.4,AMS2,Road,No,
439,Australia,Bathurst,Bathurst 1983,48,Historical Tracks 1,,AMS2,Road,No,
440,Portugal,Cascais (Estoril),Cascais Historic 1988,30,Historical Tracks 1,,AMS2,Road,No,
441,Brazil,Interlagos,Interlagos 1991,32,Historical Tracks 1,,AMS2,Road,No,
442,Brazil,Interlagos,Interlagos 1993,32,Historical Tracks 1,,AMS2,Road,No,
443,Spain,Jerez,Jerez Historic 1988,32,Historical Tracks 1,,AMS2,Road,No,
444,Canada,Montreal,Montreal Historic 1991,40,Historical Tracks 1,,AMS2,Road,No,
445,France,La Sarthe,Le Mans 24h 2005,48,Historical Tracks 3,,AMS2,Road,No,
446,USA,Road Atlanta,Road Atlanta 2005,48,Historical Tracks 3,,AMS2,Road,No,
447,USA,Road Atlanta,Road Atlanta 2005 Short,48,Historical Tracks 3,,AMS2,Road,No,
448,Belgium,Spa-Francorchamps,Spa-Francorchamps 2005,48,Historical Tracks 3,,AMS2,Road,No,
449,Belgium,Spa-Francorchamps,Spa-Francorchamps 2005 EC,48,Historical Tracks 3,,AMS2,Road,No,
450,Germany,Hockenheimring,Hockenheim Historic 1977,36,Hockenheim Pack,,AMS2,Road,No,
451,Germany,Hockenheimring,Hockenheim Historic 1988,36,Hockenheim Pack,,AMS2,Road,No,
452,Germany,Hockenheimring,Hockenheim Historic 1988 Short,36,Hockenheim Pack,,AMS2,Road,No,
453,Germany,Hockenheimring,Hockenheim Historic 2001,30,Hockenheim Pack,,AMS2,Road,No,
454,Germany,Hockenheimring,Hockenheim Short B,30,Hockenheim Pack,1.2,AMS2,Road,No,
455,Germany,Hockenheimring,Hockenheim Short A,30,Hockenheim Pack,1.2,AMS2,Road,No,
456,Germany,Hockenheimring,Hockenheim National,30,Hockenheim Pack,2.3,AMS2,Road,No,
457,Germany,Hockenheimring,Hockenheim,48,Hockenheim Pack,3.4.5,AMS2,Road,No,
458,USA,Road Atlanta,Road Atlanta,48,IMSA Track Pack,3.4,AMS2,Road,No,
459,USA,Road Atlanta,Road Atlanta Moto,32,IMSA Track Pack,,AMS2,Road,No,
460,USA,Sebring,Sebring Club,32,IMSA Track Pack,1.2,AMS2,Road,No,
461,USA,Sebring,Sebring School,32,IMSA Track Pack,1.2,AMS2,Road,No,
462,USA,Sebring,Sebring,48,IMSA Track Pack,3.4,AMS2,Road,No,
463,Italy,Monza,Monza Historic 1971,26,Monza Pack,,AMS2,Road,No,
464,Italy,Monza,Monza Historic 1971 10k,26,Monza Pack,,AMS2,Road,No,
465,Italy,Monza,Monza Historic 1971 10k (no chicane),26,Monza Pack,,AMS2,Road,No,
466,Italy,Monza,Monza Historic 1971 Junior,26,Monza Pack,,AMS2,Road,No,
467,Italy,Monza,Monza Historic 1991,32,Monza Pack,,AMS2,Road,No,
468,Italy,Monza,Monza Junior,32,Monza Pack,1.2,AMS2,Road,No,
469,Italy,Monza,Monza,48,Monza Pack,4.5,AMS2,Road,No,
470,Germany,Nurburgring,Nurburgring GP 2025,48,Nurburgring 2025 Pack,4.5,AMS2,Road,No,
471,Germany,Nurburgring,Nordschleife 2025,48,Nurburgring 2025 Pack,3,AMS2,Road,No,
472,Germany,Nurburgring,Nordschleife 2025 24hr,48,Nurburgring 2025 Pack,3.4.5,AMS2,Road,No,
473,Germany,Nurburgring,Nordschleife Tourist 2025,,Nurburgring 2025 Pack,,AMS2,Road,No,
474,Germany,Nurburgring,Nurburgring Sprint S 2020,30,Nurburgring Pack,1.2.3,AMS2,Road,No,
475,Germany,Nurburgring,Nurburgring Sprint 2020,30,Nurburgring Pack,2.3.4,AMS2,Road,No,
476,Germany,Nurburgring,Gesamtstrecke Historic 1971,32,Nurburgring Pack,,AMS2,Road,No,
477,Germany,Nurburgring,Nordschleife Historic 1971,32,Nurburgring Pack,,AMS2,Road,No,
478,Germany,Nurburgring,Südscheleife Historic 1971,32,Nurburgring Pack,,AMS2,Road,No,
479,Germany,Nurburgring,Betonschleife Historic 1971,32,Nurburgring Pack,,AMS2,Road,No,
480,Germany,Nurburgring,Nurburgring Veedol 2020,48,Nurburgring Pack,,AMS2,Road,No,
481,Germany,Nurburgring,Nurburgring GP 2020,48,Nurburgring Pack,3.4,AMS2,Road,No,
482,Germany,Nurburgring,Nordschleife 2020,28,Nurburgring Pack,,AMS2,Road,No,
483,Germany,Nurburgring,Nordschleife 24 Hour 2020,48,Nurburgring Pack,,AMS2,Road,No,
484,USA,Cleveland,Cleveland GP,32,Racin USA,2.3.4,AMS2,Road,No,
485,USA,Daytona,Daytona Nascar Tri-Oval,48,Racin USA,3.4.5,AMS2,Oval,No,
486,USA,Daytona,Daytona Sports Car Course,48,Racin USA,3.4.5,AMS2,Road,No,
487,USA,Daytona,Daytona Nascar Road Course,48,Racin USA,3.4.5,AMS2,Road,No,
488,USA,Laguna Seca,Laguna Seca 2020,48,Racin USA,2.3.4,AMS2,Road,No,
489,USA,Long Beach,Long Beach,48,Racin USA,3.4.5,AMS2,Road,No,
490,USA,Road America,Road America,48,Racin USA,3.4.5,AMS2,Road,No,
491,USA,Road America,Road America (Bend),48,Racin USA,3.4.5,AMS2,Road,No,
492,USA,Watkins Glen,Watkins Glen Short,48,Racin USA,2.3,AMS2,Road,No,
493,USA,Watkins Glen,Watkins Glen Short (Inner Loop),48,Racin USA,2.3,AMS2,Road,No,
494,USA,Watkins Glen,Watkins Glen GP,48,Racin USA,3.4,AMS2,Road,No,
495,USA,Watkins Glen,Watkins Glen GP (Inner Loop),48,Racin USA,3.4.5,AMS2,Road,No,
496,USA,Fontana,Auto Club Speedway Oval,48,Racin USA,1.2.3.4.5,AMS2,Oval,No,
497,USA,Fontana,Auto Club Speedway Sports Car Course,30,Racin USA,2.3,AMS2,Road,No,
498,USA,Gateway,WWT Raceway Oval,48,Racin USA,1.2.3.4.5,AMS2,Oval,No,
499,USA,Gateway,WWT Raceway Road Course (Short),32,Racin USA,1.2.3,AMS2,Road,No,
500,USA,Gateway,WWT Raceway Road Course (Long),32,Racin USA,2.3,AMS2,Road,No,
501,USA,Indianapolis,Indianapolis Motor Speedway Road Course,48,Racin USA,4.5,AMS2,Road,No,
502,USA,Indianapolis,Indianapolis Motor Speedway Oval,48,Racin USA,3.4.5,AMS2,Oval,No,
503,England,Silverstone,Silverstone Historic 1975,36,Silverstone Pack,,AMS2,Road,No,
504,England,Silverstone,Silverstone Historic 1975 (no chicane),36,Silverstone Pack,,AMS2,Road,No,
505,England,Silverstone,Silverstone Historic 1991,36,Silverstone Pack,,AMS2,Road,No,
506,England,Silverstone,Silverstone Historic 2001,36,Silverstone Pack,,AMS2,Road,No,
507,England,Silverstone,Silverstone International Historic 2001,32,Silverstone Pack,,AMS2,Road,No,
508,England,Silverstone,Silverstone National Historic 2001,36,Silverstone Pack,,AMS2,Road,No,
509,England,Silverstone,Silverstone National,36,Silverstone Pack,1.2.3,AMS2,Road,No,
510,England,Silverstone,Silverstone International,36,Silverstone Pack,2.3,AMS2,Road,No,
511,England,Silverstone,Silverstone,48,Silverstone Pack,4.5,AMS2,Road,No,
512,Belgium,Spa-Francorchamps,Spa-Francorchamps 1970,32,Spa Pack,,AMS2,Road,No,
513,Belgium,Spa-Francorchamps,Spa-Francorchamps 1970 1000km,32,Spa Pack,,AMS2,Road,No,
514,Belgium,Spa-Francorchamps,Spa-Francorchamps 1993,30,Spa Pack,,AMS2,Road,No,
515,Belgium,Spa-Francorchamps,Spa-Francorchamps 2020,48,Spa Pack,,AMS2,Road,No,
516,Belgium,Spa-Francorchamps,Spa-Francorchamps 2022,48,Spa Pack,4.5,AMS2,Road,No,
517,Australia,Adelaide,Adelaide Historic 1988,26,,,AMS2,Road,Yes,
518,Australia,Adelaide,Adelaide,39,,3,AMS2,Road,Yes,
519,Monaco,Azure Circuit (Monaco),Azure Circuit,26,,3,AMS2,Road,Yes,
520,Australia,Bathurst,Bathurst 2020,32,,3.4,AMS2,Road,Yes,
521,England,Brands Hatch,Brands Hatch Indy,32,,1.2,AMS2,Road,Yes,
522,England,Brands Hatch,Brands Hatch GP,32,,1.2.3,AMS2,Road,Yes,
523,Brazil,Brasilia,Brasilia Outer,30,,1.2.3.4.5,AMS2,Oval,Yes,
524,Brazil,Brasilia,Brasilia Full,30,,,AMS2,Road,Yes,
525,Argentina,Buenos Aires,Buenos Aires Circuito No.7,32,,1.2.3.4.5,AMS2,Oval,Yes,
526,Argentina,Buenos Aires,Buenos Aires Circuito No.8,32,,3,AMS2,Road,Yes,
527,Argentina,Buenos Aires,Buenos Aires Circuito No.9,32,,2.3,AMS2,Road,Yes,
528,Argentina,Buenos Aires,Buenos Aires Circuito No.6S,32,,2.3,AMS2,Road,Yes,
529,Argentina,Buenos Aires,Buenos Aires Circuito No.6,32,,2.3,AMS2,Road,Yes,
530,Argentina,Buenos Aires,Buenos Aires Circuito No.12,32,,2.3,AMS2,Road,Yes,
531,Argentina,Buenos Aires,Buenos Aires Circuito No.15,32,,2.3,AMS2,Road,Yes,
532,Norway,Buskerud,Buskerud Kart Long,24,,1.2.3.4.5,AMS2,Kart,Yes,
533,Norway,Buskerud,Buskerud Kart,24,,1.2.3.4.5,AMS2,Kart,Yes,
534,England,Cadwell Park,Cadwell Park,26,,1.2.3,AMS2,Road,Yes,
535,Brazil,Campo Grande,Campo Grande,48,,1.2.3,AMS2,Road,Yes,
536,Portugal,Cascais (Estoril),Cascais Alternate,48,,2.3.4,AMS2,Road,Yes,
537,Portugal,Cascais (Estoril),Cascais,48,,2.3.4,AMS2,Road,Yes,
538,Brazil,Cascavel,Cascavel,48,,1.2.,AMS2,Road,Yes,
539,Argentina,Cordoba,Cordoba No.2,26,,1.2,AMS2,Road,Yes,
540,Argentina,Cordoba,Cordoba TC,26,,3,AMS2,Road,Yes,
541,Argentina,Cordoba,Cordoba No.4,26,,2.3,AMS2,Road,Yes,
542,Brazil,Curitiba,Curitiba Outer,30,,1.2.3.4.5,AMS2,Oval,Yes,
543,Brazil,Curitiba,Curitiba,30,,1.2.3,AMS2,Road,Yes,
544,Brazil,Curvelo,Curvelo Short,48,,1.2.3,AMS2,Road,Yes,
545,Brazil,Curvelo,Curvelo Long,48,,2.3.4,AMS2,Road,Yes,
546,England,Donington Park,Donington National,38,,1.2,AMS2,Road,Yes,
547,England,Donington Park,Donington GP,38,,2.3,AMS2,Road,Yes,
548,Brazil,Galeao Airport,Galeao Airport,32,,4,AMS2,Road,Yes,
549,Brazil,Goiania,Goiania Short,36,,1.2,AMS2,Road,Yes,
550,Brazil,Goiania,Goiania External,48,,1.2.3.4.5,AMS2,Oval,Yes,
551,Brazil,Goiania,Goiania,48,,2.3,AMS2,Road,Yes,
552,Brazil,Granja Viana,Copa Sao Paulo Stage 1,28,,1.2.3.4.5,AMS2,Kart,Yes,
553,Brazil,Granja Viana,Copa Sao Paulo Kart Stage 2,28,,1.2.3.4.5,AMS2,Kart,Yes,
554,Brazil,Granja Viana,Granja Viana Kart 101,28,,1.2.3.4.5,AMS2,Kart,Yes,
555,Brazil,Granja Viana,Granja Viana Kart 102,28,,1.2.3.4.5,AMS2,Kart,Yes,
556,Brazil,Granja Viana,Granja Viana Kart 121,28,,1.2.3.4.5,AMS2,Kart,Yes,
557,Brazil,Guapore,Guapore,40,,2.3,AMS2,Road,Yes,
558,Ecuador,Ibarra,Autodromo Yahuarcocha,30,,2.3,AMS2,Road,Yes,
559,Ecuador,Ibarra,Autodromo Yahuarcocha Reverse,30,,2.3,AMS2,Road,Yes,
560,Italy,Imola,Imola Historic 2001,26,,,AMS2,Road,Yes,
561,Italy,Imola,Imola Historic 1972,40,,,AMS2,Road,Yes,
562,Italy,Imola,Imola Historic 1988,26,,,AMS2,Road,Yes,
563,Italy,Imola,Imola,48,,4.5,AMS2,Road,Yes,
564,Brazil,Interlagos,Interlagos Kart One,38,,1.2.3.4.5,AMS2,Kart,Yes,
565,Brazil,Interlagos,Interlagos Kart Two,38,,1.2.3.4.5,AMS2,Kart,Yes,
566,Brazil,Interlagos,Interlagos Kart Three,38,,1.2.3.4.5,AMS2,Kart,Yes,
567,Brazil,Interlagos,Interlagos Historic 1976,32,,,AMS2,Road,Yes,
568,Brazil,Interlagos,Interlagos Historic 1978 Outer,32,,1.2.3.4.5,AMS2,Oval,Yes,
569,Brazil,Interlagos,Interlagos GP,48,,3.4.5,AMS2,Road,Yes,
570,Brazil,Interlagos,Interlagos Stock Car Brasil,48,,,AMS2,Road,Yes,
571,Brazil,Jacarepagua,Jacarepagua Historic 2005,40,,2.3.4,AMS2,Road,Yes,
572,Brazil,Jacarepagua,Jacarepagua Historic 2005 Oval,48,,1.2.3.4.5,AMS2,Oval,Yes,
573,Brazil,Jacarepagua,Jacarepagua Historic 2012 SCB,40,,1.2,AMS2,Road,Yes,
574,Brazil,Jacarepagua,Jacarepagua Historic 2012 Short,40,,1.2,AMS2,Road,Yes,
575,Brazil,Jacarepagua,Jacarepagua Historic 1988,40,,,AMS2,Road,Yes,
576,Spain,Jerez,Jerez Chicane,42,,2.3.4,AMS2,Road,Yes,
577,Spain,Jerez,Jerez Moto,42,,2.3.4,AMS2,Road,Yes,
578,Japan,Kansai (Suzuka),Kansai Classic,48,,,AMS2,Road,Yes,
579,Japan,Kansai (Suzuka),Kansai East,48,,1.2.3,AMS2,Road,Yes,
580,Japan,Kansai (Suzuka),Kansai West,26,,1.2.3,AMS2,Road,Yes,
581,Japan,Kansai (Suzuka),Kansai GP,48,,4.5,AMS2,Road,Yes,
582,South Africa,Kyalami,Kyalami Historic 1976,40,,,AMS2,Road,Yes,
583,South Africa,Kyalami,Kyalami,48,,3.4.5,AMS2,Road,Yes,
584,Brazil,Londrina,Londrina Short,48,,1.2,AMS2,Road,Yes,
585,Brazil,Londrina,Londrina Kart One,28,,1.2.3.4.5,AMS2,Kart,Yes,
586,Brazil,Londrina,Londrina Kart Two,28,,1.2.3.4.5,AMS2,Kart,Yes,
587,Brazil,Londrina,LondrinaKart3,28,,,AMS2,Kart,Yes,
588,Brazil,Londrina,Londrina Long,48,,1.2,AMS2,Road,Yes,
589,Canada,Montreal,Montreal Historic 1988,40,,,AMS2,Road,Yes,
590,Canada,Montreal,Montreal,40,,3.4.5,AMS2,Road,Yes,
591,Italy,Ortona,Ortona Kart One,30,,1.2.3.4.5,AMS2,Kart,Yes,
592,Italy,Ortona,Ortona Kart Two,30,,1.2.3.4.5,AMS2,Kart,Yes,
593,Italy,Ortona,Ortona Kart Three,30,,1.2.3.4.5,AMS2,Kart,Yes,
594,Italy,Ortona,Ortona Kart Four,30,,1.2.3.4.5,AMS2,Kart,Yes,
595,England,Oulton Park,Oulton Park Classic,42,,,AMS2,Road,Yes,
596,England,Oulton Park,Oulton Park Fosters,42,,1,AMS2,Road,Yes,
597,England,Oulton Park,Oulton Park Island,42,,1.2,AMS2,Road,Yes,
598,England,Oulton Park,Oulton Park International,42,,2.3,AMS2,Road,Yes,
599,USA,Pocono,Pocono Oval,48,,3.4.5,AMS2,Oval,Yes,
600,USA,Pocono,Pocono Southeast Course 5,32,,1.2.3,AMS2,Road,Yes,
601,USA,Pocono,Pocono East Course 1,32,,1,AMS2,Road,Yes,
602,USA,Pocono,Pocono North/South Course 1 (No Chicane),32,,3,AMS2,Road,Yes,
603,USA,Pocono,Pocono North/South Course 1,32,,3,AMS2,Road,Yes,
604,USA,Pocono,Pocono North/South Course 2,32,,2.3,AMS2,Road,Yes,
605,USA,Pocono,Pocono Southeast Course 1,32,,1.2.3,AMS2,Road,Yes,
606,Brazil,Salvador,Salvador Street Circuit,34,,1.2,AMS2,Road,Yes,
607,Brazil,Santa Cruz do Sul,Santa Cruz do Sul,48,,2.3,AMS2,Road,Yes,
608,England,Snetterton,Snetterton 100,26,,1.2,AMS2,Road,Yes,
609,England,Snetterton,Snetterton 200,26,,1.2,AMS2,Road,Yes,
610,England,Snetterton,Snetterton 300,26,,1.2.3,AMS2,Road,Yes,
611,Brazil,Speedland,Speedland Kart 1,14,,1.2.3.4.5,AMS2,Kart,Yes,
612,Brazil,Speedland,Speedland Kart 2,14,,1.2.3.4.5,AMS2,Kart,Yes,
613,Brazil,Speedland,Speedland Kart 3,14,,1.2.3.4.5,AMS2,Kart,Yes,
614,Brazil,Speedland,Speedland Kart 4,14,,1.2.3.4.5,AMS2,Kart,Yes,
615,Austria,Spielberg (Red Bull Ring),Spielberg Historic 1977,34,,,AMS2,Road,Yes,
616,Austria,Spielberg (Red Bull Ring),Spielberg Historic 1974,34,,,AMS2,Road,Yes,
617,Austria,Spielberg (Red Bull Ring),Spielberg Short,32,,1.2.3,AMS2,Road,Yes,
618,Austria,Spielberg (Red Bull Ring),Spielberg,32,,4.5,AMS2,Road,Yes,
619,Brazil,Taruma,Taruma International,32,,3,AMS2,Road,Yes,
620,Brazil,Taruma,Taruma Chicane,32,,3,AMS2,Road,Yes,
621,Argentina,Termas de Rio Hondo,Termas de Rio Hondo,48,,2.3.4,AMS2,Road,Yes,
622,Brazil,Velo Citta,Velo Citta Club Day,34,,1.2,AMS2,Road,Yes,
623,Brazil,Velo Citta,Velo Citta,34,,2.3,AMS2,Road,Yes,
624,Brazil,Velo Citta,Velo Citta Track Day,34,,2.3,AMS2,Road,Yes,
625,Brazil,Velopark,Velopark 2010,34,,2,AMS2,Road,Yes,
626,Brazil,Velopark,Velopark 2017,34,,2,AMS2,Road,Yes,
627,USA,Virginia International Raceway,Virginia International Raceway Patriot,20,,1,AMS2,Road,Yes,
628,USA,Virginia International Raceway,Virginia International Raceway South,28,,1.2,AMS2,Road,Yes,
629,USA,Virginia International Raceway,Virginia International Raceway North,48,,1.2,AMS2,Road,Yes,
630,USA,Virginia International Raceway,Virginia International Raceway Full,48,,3.4,AMS2,Road,Yes,
631,USA,Virginia International Raceway,Virginia International Raceway Grand,48,,3.4,AMS2,Road,Yes,
632,Canada,Mosport,Mosport,48,IMSA Track Pack,2.3.4,AMS2,Road,No,
633,United States,Charlotte Motor Speedway,Charlotte Motor Speedway - Oval,60,,2.3.4.5,Iracing,Oval,Yes,556
634,United States,Charlotte Motor Speedway,Charlotte Motor Speedway - Infield Road Course,60,,1.2,Iracing,Road,Yes,552
635,United States,Charlotte Motor Speedway,Charlotte Motor Speedway - Infield Road Course Long,60,,1.2,Iracing,Road,Yes,551
636,United States,Charlotte Motor Speedway,Charlotte Motor Speedway - Legends road Course 2025,60,,1.2,Iracing,Road,Yes,550
637,United States,Sonoma Raceway,Sonoma Raceway - Short,60,,2.3,Iracing,Road,No,569
638,United States,Sonoma Raceway,Sonoma Raceway - Sports Car,60,,3.4.5,Iracing,Road,No,570
639,United States,Sonoma Raceway,Sonoma Raceway - Sports Car Alt,60,,3.4.5,Iracing,Road,No,571
640,United States,Sonoma Raceway,Sonoma Raceway - oval,32,,1,Iracing,Oval,No,568